"titulo","video_id","fecha_vista"
"[GOING SEVENTEEN] EP.140 부승관과 구기 종목 #1 (BOO SEUNGKWAN and Ball Sports #1)","Jo-T56qzZR8",2025-10-21
"[GOING SEVENTEEN] EP.140 부승관과 구기 종목 #1 (BOO SEUNGKWAN and Ball Sports #1)","Jo-T56qzZR8",2025-10-20
"[GOING SEVENTEEN] EP.138 GOOD OFFER 2 #1","GuS4O-zz09s",2025-10-17
"[GOING SEVENTEEN] EP.59 GOOD OFFER #2","ZBqA7LcWR6c",2025-10-15
"[GOING SEVENTEEN] EP.58 GOOD OFFER #1","aOmz9GV_Uxk",2025-10-15
"[GOING SEVENTEEN] EP.58 GOOD OFFER #1","aOmz9GV_Uxk",2025-10-14
"[GOING SEVENTEEN] EP.138 GOOD OFFER 2 #1","GuS4O-zz09s",2025-10-13
"[GOING SEVENTEEN] EP.138 GOOD OFFER 2 #1","GuS4O-zz09s",2025-10-07
"[GOING SEVENTEEN] EP.137 세븐틴, 무리 지어 쉬다 #2 (SEVENTEEN, How The Pack Rests #2)","qgCxPNFF3rY",2025-10-07
"[GOING SEVENTEEN] EP.136 세븐틴, 무리 지어 쉬다 #1 (SEVENTEEN, How The Pack Rests #1)","5U3_1azWJcc",2025-10-07
"[GOING SEVENTEEN] EP.136 세븐틴, 무리 지어 쉬다 #1 (SEVENTEEN, How The Pack Rests #1)","5U3_1azWJcc",2025-10-05
"[GOING SEVENTEEN] EP.135 더 게장 #2 (The Gejang #2)","qCq1xbf-8ls",2025-10-05
"[GOING SEVENTEEN] EP.136 세븐틴, 무리 지어 쉬다 #1 (SEVENTEEN, How The Pack Rests #1)","5U3_1azWJcc",2025-09-26
"[GOING SEVENTEEN SPECIAL] 겨울방학 특집 : 안다와 몰라 #1 (I Know & Don't Know #1)","78LM7AyE6-g",2025-09-08
"[GOING SEVENTEEN 2020] EP.22 네발라이더 #2 (Four Wheeled Rider #2)","zNUNmzCSYPs",2025-09-08
"[GOING SEVENTEEN 2020] EP.21 네발라이더 #1 (Four Wheeled Rider #1)","xIVAGmpuq78",2025-09-07
"[GOING SEVENTEEN] EP.134 더 게장 #1 (The Gejang #1)","_iQ4DBMXHpk",2025-09-06
"[GOING SEVENTEEN] EP.132 이 콘텐츠는 전부 사실이 아닙니다 : 너의 인연은 #1 (None Of This Is True: Our Connection #1)","3KcsMPS7Iv4",2025-08-20
"[GOING SEVENTEEN] EP.124 세븐틴을 찾아라 #1 (Where’s SEVENTEEN? #1)","SHMw-u9xdxc",2025-08-18
"[GOING SEVENTEEN 2020] EP.8 불면제로 #1 (Insomnia-Zero #1)","89o7Ef7Qaq0",2025-08-18
"[GOING SEVENTEEN] EP.131 물배틀그라운드 #2 (WATER BATTLEGROUNDS #2)","Z4guem5XzCw",2025-08-13
"[GOING SEVENTEEN 2020] EP.28 술래잡기 #2 (The Tag #2)","8A9UBdMBEgI",2025-08-12
"[GOING SEVENTEEN 2020] EP.27 술래잡기 #1 (The Tag #1)","zKa-EGTpkRI",2025-08-12
"[GOING SEVENTEEN 2020] EP.29 8월의 크리스마스 #1 (Christmas in August #1)","DtFEm46-XdE",2025-08-12
"[SEVENTEEN] GOING SEVENTEEN 2019 EP.24 SVT 놀이터 #1 (SVT Playground #1)","XbNcsgEX2jc",2025-08-12
"[GOING SEVENTEEN] EP.20 TTT에 빠지다 #3 (Dive into TTT #3) (Water Sports Ver.)","M_wTMA3sO2c",2025-08-10
"[GOING SEVENTEEN] EP.19 TTT에 빠지다 #2 (Dive into TTT #2) (Water Sports Ver.)","ieuS9OWhI1g",2025-08-10
"[GOING SEVENTEEN] EP.12 룰렛인생 #1 (Roulette Life #1)","MZxauxuCPss",2025-08-10
"[GOING SEVENTEEN] EP.92 전참시 벌 #2 (Point of Omniscient Interfere Penalty #2)","rnFPIn1aEO0",2025-08-10
"[GOING SEVENTEEN] EP.91 전참시 벌 #1 (Point of Omniscient Interfere Penalty #1)","q3rfMpxOl08",2025-08-10
"[GOING SEVENTEEN] EP.87 부밀리가 떴다 #3 (BOOmily Outing #3)","CZLIeVxWG3c",2025-08-10
"[GOING SEVENTEEN] EP.17 발마구마구 #2 (Kickball #2)","u_6Pd3C4CMI",2025-08-08
"[GOING SEVENTEEN] EP.16 발마구마구 #1 (Kickball #1)","c4eNr-9So5A",2025-08-08
"[GOING SEVENTEEN] EP.130 물배틀그라운드 #1 (WATER BATTLEGROUNDS #1)","fnLUyKhLwrg",2025-08-06
"[GOING SEVENTEEN] EP.129 MC 부격돌 : 위험한 초대 #2 (MC BOO’s Dangerous Invitation #2)","cli_QQe2USg",2025-08-03
"[GOING SEVENTEEN] EP.129 MC 부격돌 : 위험한 초대 #2 (MC BOO’s Dangerous Invitation #2)","cli_QQe2USg",2025-07-30
"[GOING SEVENTEEN] EP.127 두더지의 반란 #2 (The Rebellion of the Moles #2)","PLUfUXEkPm4",2025-07-20
"[GOING SEVENTEEN] EP.126 두더지의 반란 #1 (The Rebellion of the Moles #1)","JqO-ijFi3dw",2025-07-11
"[GOING SEVENTEEN] EP.126 두더지의 반란 #1 (The Rebellion of the Moles #1)","JqO-ijFi3dw",2025-07-10
"[GOING SEVENTEEN] EP.23 부족오락관 #1 (Tribal Games #1)","ncgd8GfklT0",2025-07-07
"[GOING SEVENTEEN] EP.125 세븐틴을 찾아라 #2 (Where’s SEVENTEEN? #2)","SLXeeM5CsZ4",2025-07-03
"[GOING SEVENTEEN] EP.124 세븐틴을 찾아라 #1 (Where’s SEVENTEEN? #1)","SHMw-u9xdxc",2025-07-01
"[GOING SEVENTEEN 2020] EP.27 술래잡기 #1 (The Tag #1)","zKa-EGTpkRI",2025-06-17
"[GOING SEVENTEEN 2020] EP.12 SVT ESCAPE ROOM #1","jS7RmsQ-QrU",2025-06-17
"[GOING SEVENTEEN] COMEBACK SPECIAL : SEVENTEEN TV BEHIND","ln1sUIOChqk",2025-06-07
"[GOING SEVENTEEN] EP.19 TTT에 빠지다 #2 (Dive into TTT #2) (Water Sports Ver.)","ieuS9OWhI1g",2025-06-04
"[GOING SEVENTEEN] EP.18 TTT에 빠지다 #1 (Dive into TTT #1) (Water Sports Ver.)","2lTN_tCtuq0",2025-06-04
"[GOING SEVENTEEN SPECIAL] 겨울방학 특집 : 안다와 몰라 #2 (I Know & Don't Know #2)","DP1S_W2tPpE",2025-06-01
"[GOING SEVENTEEN] EP.75 권순영 찾기 #2 (Finding KSY #2)","h2tvKytryQU",2025-06-01
"[GOING SEVENTEEN] EP.106 불면제로 Ⅲ #2 (Insomnia-Zero Ⅲ #2)","uzcU9Oko4PM",2025-06-01
"[GOING SEVENTEEN] EP.105 불면제로 Ⅲ #1 (Insomnia-Zero Ⅲ #1)","aJFnJxMmvZU",2025-06-01
"[GOING SEVENTEEN] COMEBACK SPECIAL : SEVENTEEN TV #2","Kul1OglaF58",2025-05-29
"[GOING SEVENTEEN] EP.119 고잉 제작기 (GOING PRODUCTION)","650K75tw3cQ",2025-05-21
"[GOING SEVENTEEN] COMEBACK SPECIAL 'SEVENTEEN TV' TEASER","3Jj-tVEif3k",2025-05-21
"[GOING SEVENTEEN] EP.105 불면제로 Ⅲ #1 (Insomnia-Zero Ⅲ #1)","aJFnJxMmvZU",2025-05-21
"[GOING SEVENTEEN] COMEBACK SPECIAL : SEVENTEEN TV #1","55vXlK_iOr0",2025-05-21
"[GOING SEVENTEEN] EP.32 순응특집 단짝 #2 (Best Friends #2)","lPxbmawGISs",2025-05-11
"[GOING SEVENTEEN] EP.18 TTT에 빠지다 #1 (Dive into TTT #1) (Water Sports Ver.)","2lTN_tCtuq0",2025-05-11
"[GOING SEVENTEEN 2020] EP.44 TTT #1 (Hyperrealism Ver.)","OjbjlNbQqLc",2025-05-05
"[GOING SEVENTEEN] EP.123 세봉 초등학교 #2 (SEVONG Elementary School #2)","8h1GzmMN7K0",2025-05-05
"[GOING SEVENTEEN 2020] EP.6 부승관의 전생연분 #2 (SeungKwan Boo's Past Life Destiny #2)","ond2gUmnvJQ",2025-04-12
"[GOING SEVENTEEN 2020] EP.5 부승관의 전생연분 #1 (SeungKwan Boo's Past Life Destiny #1)","ickim9Cf_lY",2025-04-10
"[GOING SEVENTEEN] EP.123 세봉 초등학교 #2 (SEVONG Elementary School #2)","8h1GzmMN7K0",2025-03-10
"[GOING SEVENTEEN] EP.123 세봉 초등학교 #2 (SEVONG Elementary School #2)","8h1GzmMN7K0",2025-03-04
"[GOING SEVENTEEN] EP.85 부밀리가 떴다 #1 (BOOmily Outing #1)","I2YKtm1cYqc",2025-02-18
"[GOING SEVENTEEN] EP.85 부밀리가 떴다 #1 (BOOmily Outing #1)","I2YKtm1cYqc",2025-02-17
"[GOING SEVENTEEN] EP.87 부밀리가 떴다 #3 (BOOmily Outing #3)","CZLIeVxWG3c",2025-02-17
"[GOING SEVENTEEN] COMEBACK SPECIAL : 최승철, 부승관의 기분 좋은 아침 #2 (CHOI & BOO's Very Good Morning #2)","jz7yp8zL7ok",2024-12-28
"[GOING SEVENTEEN] EP.66 기습 돈't Lie #1 (Surprise Don't Lie #1)","SK282KBKadk",2024-12-12
"[GOING SEVENTEEN] EP.66 기습 돈't Lie #1 (Surprise Don't Lie #1)","SK282KBKadk",2024-12-12
"[GOING SEVENTEEN] EP.65 고잉 컴퍼니 야유회 (GOING COMPANY Outing)","jKVax0uTRVc",2024-12-12
"[GOING SEVENTEEN] EP.55 전원우일기 #2 (WONWOO's Diary #2)","RmLSy-4xx54",2024-12-12
"[GOING SEVENTEEN] EP.54 전원우일기 #1 (WONWOO's Diary #1)","8A2S9VqGqlU",2024-12-12
"[GOING SEVENTEEN] EP.123 세봉 초등학교 #2 (SEVONG Elementary School #2)","8h1GzmMN7K0",2024-12-11
"[GOING SEVENTEEN] EP.15 버논에서 모처럼 모내기를 하며 모든 내기를 해보았다 #2 (Planting Rice and Making Bets #2)","6HEALKUTmfU",2024-12-07
"[GOING SEVENTEEN] EP.118 고잉 제작기 : 좀비와의 인터뷰 (GOING PRODUCTION : Interview With The Zombie)","xn0HzluujXk",2024-12-06
"[GOING SEVENTEEN] EP.14 버논에서 모처럼 모내기를 하며 모든 내기를 해보았다 #1 (Planting Rice and Making Bets #1)","AxQDyhBYMtM",2024-12-05
"[GOING SEVENTEEN] EP.118 고잉 제작기 : 좀비와의 인터뷰 (GOING PRODUCTION : Interview With The Zombie)","xn0HzluujXk",2024-12-04
"[GOING SEVENTEEN] EP.32 순응특집 단짝 #2 (Best Friends #2)","lPxbmawGISs",2024-12-04
"[GOING SEVENTEEN] EP.122 세봉 초등학교 #1 (SEVONG Elementary School #1)","XKJuYk4XBOQ",2024-12-04
"[GOING SEVENTEEN] EP.121 GOING Millionaire #2","EjR9lAGEQaM",2024-12-02
"[GOING SEVENTEEN] EP.78 화이트에서 할 수 있는 모든 것 #2 (Everything Possible in the White Zone #2)","XHgJCzhh2QY",2024-11-23
"[GOING SEVENTEEN] EP.120 GOING Millionaire #1","gT70I_iBjys",2024-11-22
"[GOING SEVENTEEN] EP.120 GOING Millionaire #1","gT70I_iBjys",2024-11-21
"[GOING SEVENTEEN 2020] EP.37 천고마비 (Bungee Jump) #1","JxIFJaiTAqI",2024-11-21
"[GOING SEVENTEEN] EP.70 돈't Lie : The CHASER #1 (Don’t Lie : The CHASER #1)","q0bYVoLJ5UA",2024-11-19
"[GOING SEVENTEEN] EP.118 고잉 제작기 : 웃지 마 (GOING PRODUCTION : Don't Laugh)","UnrcM3N_mGI",2024-11-16
"[GOING SEVENTEEN] EP.118 고잉 제작기 : 좀비와의 인터뷰 (GOING PRODUCTION : Interview With The Zombie)","xn0HzluujXk",2024-11-16
"[GOING SEVENTEEN] EP.91 전참시 벌 #1 (Point of Omniscient Interfere Penalty #1)","q3rfMpxOl08",2024-11-14
"[GOING SEVENTEEN] EP.119 고잉 제작기 (GOING PRODUCTION)","650K75tw3cQ",2024-11-13
"[GOING SEVENTEEN] EP.106 불면제로 Ⅲ #2 (Insomnia-Zero Ⅲ #2)","uzcU9Oko4PM",2024-11-11
"[GOING SEVENTEEN] EP.105 불면제로 Ⅲ #1 (Insomnia-Zero Ⅲ #1)","aJFnJxMmvZU",2024-11-11
"[GOING SEVENTEEN] EP.66 기습 돈't Lie #1 (Surprise Don't Lie #1)","SK282KBKadk",2024-11-10
"[GOING SEVENTEEN 2020] EP.3 돈't Lie #1 (Don't Lie #1)","OqTI0KYkeJQ",2024-11-10
"[GOING SEVENTEEN 2020] 고잉 세븐틴 2020 캐럿 어워즈 (GOING SEVENTEEN 2020 CARAT AWARDS)","HVzNAbfSUQs",2024-11-10
"[SEVENTEEN] GOING SEVENTEEN 2019 EP.28 세봉이의 상상은 현실이 된다 #2 (THE SECRET LIFE OF GOING SEVONG #2)","x0FTQ0rnW_A",2024-11-10
"[GOING SEVENTEEN] EP.72 법정 : 모든 걸 꿰뚫어 보는 눈 #1 (Court : Eyes That See The Truth #1)","bA7XCoBsIDs",2024-11-10
"[GOING SEVENTEEN] EP.87 부밀리가 떴다 #3 (BOOmily Outing #3)","CZLIeVxWG3c",2024-11-10
"[GOING SEVENTEEN SPECIAL] 겨울방학 특집 : 안다와 몰라 #1 (I Know & Don't Know #1)","78LM7AyE6-g",2024-11-10
"[GOING SEVENTEEN] EP.32 순응특집 단짝 #2 (Best Friends #2)","lPxbmawGISs",2024-11-10
"[GOING SEVENTEEN] EP.118 고잉 제작기 : 웃지 마 (GOING PRODUCTION : Don't Laugh)","UnrcM3N_mGI",2024-11-06
"[GOING SEVENTEEN] EP.118 고잉 제작기 : 좀비와의 인터뷰 (GOING PRODUCTION : Interview With The Zombie)","xn0HzluujXk",2024-11-06
"[GOING SEVENTEEN] EP.116 We Have to Cross Over in a Day? Are You Being Serious Right Now?! #1","gUtvE6Wu7sc",2024-10-24
"[GOING SEVENTEEN] EP.116 We Have to Cross Over in a Day? Are You Being Serious Right Now?! #1","gUtvE6Wu7sc",2024-10-24
"[GOING SEVENTEEN] COMEBACK SPECIAL : 최승철, 부승관의 기분 좋은 아침 #1 (CHOI & BOO's Very Good Morning #1)","jBqd-awcBtc",2024-10-11
"[GOING SEVENTEEN] EP.17 발마구마구 #2 (Kickball #2)","u_6Pd3C4CMI",2024-10-08
"[GOING SEVENTEEN 2020] EP.9 불면제로 #2 (Insomnia-Zero #2)","mk3c9y05zLY",2024-10-08
"[GOING SEVENTEEN 2020] EP.8 불면제로 #1 (Insomnia-Zero #1)","89o7Ef7Qaq0",2024-10-08
"[GOING SEVENTEEN 2020] EP.37 천고마비 (Bungee Jump) #1","JxIFJaiTAqI",2024-10-08
"[GOING SEVENTEEN] EP.56 8월의 크리스마스 Ⅱ #1 (Christmas in August Ⅱ #1)","Ujkg9TO1-TQ",2024-10-08
"[GOING SEVENTEEN] EP.17 발마구마구 #2 (Kickball #2)","u_6Pd3C4CMI",2024-10-08
"[GOING SEVENTEEN] EP.16 발마구마구 #1 (Kickball #1)","c4eNr-9So5A",2024-10-07
"[GOING SEVENTEEN 2020] EP.30 8월의 크리스마스 #2 (Christmas in August #2)","o03cOYRJTp4",2024-10-07
"[GOING SEVENTEEN SPECIAL] 겨울방학 특집 : 안다와 몰라 #2 (I Know & Don't Know #2)","DP1S_W2tPpE",2024-10-03
"[GOING SEVENTEEN SPECIAL] 겨울방학 특집 : 안다와 몰라 #1 (I Know & Don't Know #1)","78LM7AyE6-g",2024-10-03
"[GOING SEVENTEEN] EP.56 8월의 크리스마스 Ⅱ #1 (Christmas in August Ⅱ #1)","Ujkg9TO1-TQ",2024-10-03
"[GOING SEVENTEEN] EP.84 셉셉투어 : 먹어? 안 먹어? (TOUR SEV SEV : To eat or not to eat)","mqkFmcU8cOQ",2024-10-03
"[GOING SEVENTEEN] EP.81 셉셉투어 #1 (TOUR SEV SEV #1)","xgDMfMt7kDs",2024-10-03
"[GOING SEVENTEEN] EP.82 셉셉투어 : 팔랑귀 여행 (TOUR SEV SEV : Gullibles’ Travels)","cawv7OuaDY8",2024-10-03
"[GOING SEVENTEEN] EP.76 전원 회식 (A Company Dinner for EveryWON)","4_eOMTwQUzo",2024-10-03
"[GOING SEVENTEEN] EP.45 GSVT E-Triathlon Championship 2022 #2","Abk_5NhccwE",2024-10-03
"[GOING SEVENTEEN] EP.42 세븐틴사이드 아웃 Ⅱ #1 (SVTSIDE OUT Ⅱ #1)","_O0UWg3rzx4",2024-10-03
"[GOING SEVENTEEN] EP.66 기습 돈't Lie #1 (Surprise Don't Lie #1)","SK282KBKadk",2024-10-03
"[GOING SEVENTEEN] EP.95 구원(舊怨) #1 (Grudge #1)","I6LPhlAGZGM",2024-10-03
"[GOING SEVENTEEN] EP.50 세븐틴 고잉 라디오 쇼 #2 (SEVENTEEN GOING Radio Show #2)","oux44JI4u6Y",2024-10-03
"[GOING SEVENTEEN] EP.49 세븐틴 고잉 라디오 쇼 #1 (SEVENTEEN GOING Radio Show #1)","H8a6eDn9AKM",2024-10-03
"[GOING SEVENTEEN 2020] EP.10 S.B.S #1 (SEVENTEEN BRAIN SURVIVAL #1)","o0aQTWjqGIk",2024-10-03
"[GOING SEVENTEEN] EP.92 전참시 벌 #2 (Point of Omniscient Interfere Penalty #2)","rnFPIn1aEO0",2024-10-03
"[GOING SEVENTEEN] EP.91 전참시 벌 #1 (Point of Omniscient Interfere Penalty #1)","q3rfMpxOl08",2024-10-03
"[GOING SEVENTEEN 2020] EP.17 인간 체스 #2 (Human Chess #2)","VGQH5UtfOaE",2024-10-03
"[GOING SEVENTEEN 2020] EP.2 2020 : MYSTERY MYSTERY #2","V5Ms5o3k26k",2024-10-03
"[GOING SEVENTEEN 2020] EP.1 2020 : MYSTERY MYSTERY #1","PXf59S2kFag",2024-10-03
"[SEVENTEEN] GOING SEVENTEEN 2019 EP.26 SSS #2 (SVT SECRET SANTA #2)","Q1lhaKEewGQ",2024-10-02
"[SEVENTEEN] GOING SEVENTEEN 2019 EP.26 SSS #2 (SVT SECRET SANTA #2)","Q1lhaKEewGQ",2024-10-02
"[GOING SEVENTEEN 2020] EP.36 세븐틴사이드 아웃 (SVTSIDE OUT)","ocKgQ5Zgzqg",2024-09-24
"[SEVENTEEN] GOING SEVENTEEN 2019 EP.24 SVT 놀이터 #1 (SVT Playground #1)","XbNcsgEX2jc",2024-09-24
"[SEVENTEEN] GOING SEVENTEEN 2019 EP.25 SVT 놀이터 #2｜SSS #1 (SVT Playground #2｜SVT SECRET SANTA #1)","ktKU5hPO9b8",2024-09-24
"[GOING SEVENTEEN] EP.87 부밀리가 떴다 #3 (BOOmily Outing #3)","CZLIeVxWG3c",2024-09-23
"[GOING SEVENTEEN] EP.24 부족오락관 #2 (Tribal Games #2)","PN7rJrGo9a0",2024-09-11
"[GOING SEVENTEEN] EP.23 부족오락관 #1 (Tribal Games #1)","ncgd8GfklT0",2024-09-11
"[GOING SEVENTEEN] EP.113 함정 #2 (TRAP #2)","K6PUQtpgCcY",2024-09-11
"[GOING SEVENTEEN] EP.112 함정 #1 (TRAP #1)","OqOuV3QE87c",2024-09-11
"[GOING SEVENTEEN] EP.23 부족오락관 #1 (Tribal Games #1)","ncgd8GfklT0",2024-09-06
"[GOING SEVENTEEN 2020] EP.43 GOING VS SEVENTEEN #2","yjhH4fJ8cig",2024-09-05
"[GOING SEVENTEEN 2020] EP.42 GOING VS SEVENTEEN #1","YTQrsc-scNk",2024-09-05
"[GOING SEVENTEEN 2020] EP.20 그림의 떡 (Pie in the Sky)","k2jflXborAY",2024-09-05
"[GOING SEVENTEEN 2020] EP.14 딜리버리 푸드 파이터 上 (Delivery Food Fighter #1)","nKkOJQFiOhA",2024-09-05
"[GOING SEVENTEEN 2020] EP.10 S.B.S #1 (SEVENTEEN BRAIN SURVIVAL #1)","o0aQTWjqGIk",2024-09-05
"[GOING SEVENTEEN] EP.112 함정 #1 (TRAP #1)","OqOuV3QE87c",2024-09-05
"[GOING SEVENTEEN] EP.47 준우승 운동회 #1 (Runner-Up Sports Day #1)","4yXR2ATAXbg",2024-09-05
"[GOING SEVENTEEN] EP.90 몰래 간 손님 #2 (The Guest Who Left Secretly #2)","4KnATyvKERI",2024-09-03
"[GOING SEVENTEEN] EP.89 몰래 간 손님 #1 (The Guest Who Left Secretly #1)","7GuJctDpoAc",2024-09-03
"[GOING SEVENTEEN] EP.5 출발 세븐틴 #1 (Let's Go! SEVENTEEN #1)","d1Tjh0mJBZU",2024-09-03
"[GOING SEVENTEEN] EP.6 출발 세븐틴 #2 (Let's Go! SEVENTEEN #2)","9-FIfaMReFE",2024-09-03
"[GOING SEVENTEEN] EP.105 불면제로 Ⅲ #1 (Insomnia-Zero Ⅲ #1)","aJFnJxMmvZU",2024-09-03
"[GOING SEVENTEEN] EP.42 세븐틴사이드 아웃 Ⅱ #1 (SVTSIDE OUT Ⅱ #1)","_O0UWg3rzx4",2024-09-03
"[GOING SEVENTEEN] EP.49 세븐틴 고잉 라디오 쇼 #1 (SEVENTEEN GOING Radio Show #1)","H8a6eDn9AKM",2024-09-03
"[GOING SEVENTEEN] EP.76 전원 회식 (A Company Dinner for EveryWON)","4_eOMTwQUzo",2024-09-03
"[GOING SEVENTEEN] EP.75 권순영 찾기 #2 (Finding KSY #2)","h2tvKytryQU",2024-09-03
"[GOING SEVENTEEN] EP.95 구원(舊怨) #1 (Grudge #1)","I6LPhlAGZGM",2024-09-03
"[GOING SEVENTEEN] EP.44 GSVT E-Triathlon Championship 2022 #1","wKjpYOR8_F0",2024-09-02
"[GOING SEVENTEEN] EP.32 순응특집 단짝 #2 (Best Friends #2)","lPxbmawGISs",2024-09-02
"[GOING SEVENTEEN] EP.100 고잉 레인저 #2 (Going Rangers #2)","nFQanahQ3YE",2024-09-01
"[GOING SEVENTEEN] EP.99 고잉 레인저 #1 (Going Rangers #1)","tT8_ENoEHco",2024-09-01
"[GOING SEVENTEEN 2020] EP.22 네발라이더 #2 (Four Wheeled Rider #2)","zNUNmzCSYPs",2024-09-01
"[GOING SEVENTEEN 2020] EP.21 네발라이더 #1 (Four Wheeled Rider #1)","xIVAGmpuq78",2024-09-01
"[GOING SEVENTEEN 2020] EP.29 8월의 크리스마스 #1 (Christmas in August #1)","DtFEm46-XdE",2024-09-01
"[GOING SEVENTEEN] EP.69 돈’t Lie : CLUE #2 (Don’t Lie : CLUE #2)","in87oOJGvAE",2024-09-01
"[GOING SEVENTEEN] EP.69 돈’t Lie : CLUE #2 (Don’t Lie : CLUE #2)","in87oOJGvAE",2024-08-29
"[GOING SEVENTEEN] EP.69 돈’t Lie : CLUE #2 (Don’t Lie : CLUE #2)","in87oOJGvAE",2024-08-28
"[GOING SEVENTEEN] EP.68 돈’t Lie : CLUE #1 (Don’t Lie : CLUE #1)","BeDkwcm-nJ4",2024-08-28
"[GOING SEVENTEEN 2020] EP.41 돈't Lie Ⅱ #2 (Don't Lie Ⅱ #2)","YZg6Gr7PFBA",2024-08-28
"[GOING SEVENTEEN 2020] EP.40 돈't Lie Ⅱ #1 (Don't Lie Ⅱ #1)","7-RbcrWTth4",2024-08-28
"[GOING SEVENTEEN] EP.70 돈't Lie : The CHASER #1 (Don’t Lie : The CHASER #1)","q0bYVoLJ5UA",2024-08-28
"[GOING SEVENTEEN] EP.53 HIDE N SEEK","Gg1Iz-Ok-4g",2024-08-28
"[GOING SEVENTEEN SPECIAL] 고잉 코멘터리 (GOING COMMENTARY)","MG_Lm-USPgQ",2024-08-28
"[GOING SEVENTEEN] HORROR SPECIAL PREVIEW","BZwBKHCCvB4",2024-08-28
"[GOING SEVENTEEN] EP.15 버논에서 모처럼 모내기를 하며 모든 내기를 해보았다 #2 (Planting Rice and Making Bets #2)","6HEALKUTmfU",2024-08-27
"[GOING SEVENTEEN 2020] EP.9 불면제로 #2 (Insomnia-Zero #2)","mk3c9y05zLY",2024-08-27
"[GOING SEVENTEEN 2020] EP.8 불면제로 #1 (Insomnia-Zero #1)","89o7Ef7Qaq0",2024-08-27
"[GOING SEVENTEEN] EP.14 버논에서 모처럼 모내기를 하며 모든 내기를 해보았다 #1 (Planting Rice and Making Bets #1)","AxQDyhBYMtM",2024-08-27
"[GOING SEVENTEEN 2020] EP.23 드립 : 세븐틴 갓 탤런트 #1 (Ad-lib : Seventeen's got Talent #1)","vVAPe9DZxB4",2024-08-26
"[GOING SEVENTEEN 2020] EP.24 드립 : 세븐틴 갓 탤런트 #2 (Ad-lib : Seventeen's got Talent #2)","bVpPO8giupY",2024-08-26
"[GOING SEVENTEEN SPECIAL] 겨울방학 특집 : 안다와 몰라 #1 (I Know & Don't Know #1)","78LM7AyE6-g",2024-08-26
"[GOING SEVENTEEN] EP.87 부밀리가 떴다 #3 (BOOmily Outing #3)","CZLIeVxWG3c",2024-08-26
"[GOING SEVENTEEN] EP.85 부밀리가 떴다 #1 (BOOmily Outing #1)","I2YKtm1cYqc",2024-08-26
"[GOING SEVENTEEN] EP.86 부밀리가 떴다 #2 (BOOmily Outing #2)","A7TYMNqF-tY",2024-08-26
"[GOING SEVENTEEN] EP.35 둘이서 셉식당 #3 (SVT’s Kitchen for Two #3)","n73_2yj5oRo",2024-08-26
"[GOING SEVENTEEN] EP.34 둘이서 셉식당 #2 (SVT’s Kitchen for Two #2)","E8SP-CaFiyc",2024-08-26
"[GOING SEVENTEEN] EP.37 쌀밥을 맛있게 먹는 완벽한 방법 #2 (How to Eat Rice the Perfect Way #2)","BvJJrCND5w4",2024-08-26
"[GOING SEVENTEEN] EP.36 쌀밥을 맛있게 먹는 완벽한 방법 #1 (How to Eat Rice the Perfect Way #1)","JGc4foXl6BA",2024-08-26
"[GOING SEVENTEEN] EP.33 둘이서 셉식당 #1 (SVT’s Kitchen for Two #1)","Q7UPTAdSPYs",2024-08-25
"[GOING SEVENTEEN] EP.78 화이트에서 할 수 있는 모든 것 #2 (Everything Possible in the White Zone #2)","XHgJCzhh2QY",2024-08-25
"[GOING SEVENTEEN] EP.77 화이트에서 할 수 있는 모든 것 #1 (Everything Possible in the White Zone #1)","8JOCd84Pnas",2024-08-25
"[GOING SEVENTEEN] EP.77 화이트에서 할 수 있는 모든 것 #1 (Everything Possible in the White Zone #1)","8JOCd84Pnas",2024-08-25
"[GOING SEVENTEEN] EP.111 그르륵 칵칵 TTT #3 (Grrreuk kak kak TTT #3)","B9l2TyhFKIY",2024-08-10
"[GOING SEVENTEEN] EP.110 그르륵 칵칵 TTT #2 (Grrreuk kak kak TTT #2)","VHepAfBAHBA",2024-08-10
"[GOING SEVENTEEN] EP.110 그르륵 칵칵 TTT #2 (Grrreuk kak kak TTT #2)","VHepAfBAHBA",2024-08-09
"[GOING SEVENTEEN] EP.110 그르륵 칵칵 TTT #2 (Grrreuk kak kak TTT #2)","VHepAfBAHBA",2024-07-31
"[GOING SEVENTEEN] EP.109 그르륵 칵칵 TTT #1 (Grrreuk kak kak TTT #1)","Ffz8WsfQNu4",2024-07-31
"[GOING SEVENTEEN] COMEBACK SPECIAL : 경음악의 신 #2 (God of Light Music #2)","VJnLi4MksCk",2024-07-25
"[GOING SEVENTEEN] COMEBACK SPECIAL : 경음악의 신 #1 (God of Light Music #1)","QsfSOZLe-S8",2024-07-25
"[GOING SEVENTEEN] EP.108 반장 선거 #2 (Class President Election #2)","uEgjPvWskJc",2024-07-19
"[GOING SEVENTEEN] EP.108 반장 선거 #2 (Class President Election #2)","uEgjPvWskJc",2024-07-18
"[GOING SEVENTEEN 2020] EP.17 인간 체스 #2 (Human Chess #2)","VGQH5UtfOaE",2024-07-12
"[GOING SEVENTEEN 2020] EP.16 인간 체스 #1 (Human Chess #1)","y1hjOwfU3kM",2024-07-12
"[GOING SEVENTEEN] EP.32 순응특집 단짝 #2 (Best Friends #2)","lPxbmawGISs",2024-07-04
"[GOING SEVENTEEN] EP.31 순응특집 단짝 #1 (Best Friends #1)","T5etCb0-pO0",2024-07-04
"[GOING SEVENTEEN] EP.106 불면제로 Ⅲ #2 (Insomnia-Zero Ⅲ #2)","uzcU9Oko4PM",2024-07-03
"[GOING SEVENTEEN] EP.88 부밀리가 떴다 #4 (BOOmily Outing #4)","Ri_ZrMpnTe4",2024-07-01
"[GOING SEVENTEEN] EP.87 부밀리가 떴다 #3 (BOOmily Outing #3)","CZLIeVxWG3c",2024-07-01
"[GOING SEVENTEEN] EP.87 부밀리가 떴다 #3 (BOOmily Outing #3)","CZLIeVxWG3c",2024-06-30
"[GOING SEVENTEEN] EP.88 부밀리가 떴다 #4 (BOOmily Outing #4)","Ri_ZrMpnTe4",2024-06-30
"[GOING SEVENTEEN] EP.24 부족오락관 #2 (Tribal Games #2)","PN7rJrGo9a0",2024-06-29
"[GOING SEVENTEEN] EP.24 부족오락관 #2 (Tribal Games #2)","PN7rJrGo9a0",2024-06-27
"[GOING SEVENTEEN] EP.23 부족오락관 #1 (Tribal Games #1)","ncgd8GfklT0",2024-06-27
"[GOING SEVENTEEN] EP.105 불면제로 Ⅲ #1 (Insomnia-Zero Ⅲ #1)","aJFnJxMmvZU",2024-06-26
"[GOING SEVENTEEN] EP.20 TTT에 빠지다 #3 (Dive into TTT #3) (Water Sports Ver.)","M_wTMA3sO2c",2024-06-23
"[GOING SEVENTEEN] EP.19 TTT에 빠지다 #2 (Dive into TTT #2) (Water Sports Ver.)","ieuS9OWhI1g",2024-06-23
"[GOING SEVENTEEN] EP.104 LIAR LIAR #2","WUIzgOiyhPA",2024-06-20
"[GOING SEVENTEEN 2020] EP.44 TTT #1 (Hyperrealism Ver.)","OjbjlNbQqLc",2024-06-16
"[GOING SEVENTEEN] EP.19 TTT에 빠지다 #2 (Dive into TTT #2) (Water Sports Ver.)","ieuS9OWhI1g",2024-06-14
"[GOING SEVENTEEN] EP.18 TTT에 빠지다 #1 (Dive into TTT #1) (Water Sports Ver.)","2lTN_tCtuq0",2024-06-14
"[GOING SEVENTEEN 2020] EP.38 천고마비 (Bungee Jump) #2","3wVFOufYIqA",2024-06-14
"[GOING SEVENTEEN] EP.17 발마구마구 #2 (Kickball #2)","u_6Pd3C4CMI",2024-06-14
"[GOING SEVENTEEN 2020] EP.37 천고마비 (Bungee Jump) #1","JxIFJaiTAqI",2024-06-14
"[GOING SEVENTEEN] EP.16 발마구마구 #1 (Kickball #1)","c4eNr-9So5A",2024-06-14
"[GOING SEVENTEEN] EP.15 버논에서 모처럼 모내기를 하며 모든 내기를 해보았다 #2 (Planting Rice and Making Bets #2)","6HEALKUTmfU",2024-06-14
"[GOING SEVENTEEN] EP.15 버논에서 모처럼 모내기를 하며 모든 내기를 해보았다 #2 (Planting Rice and Making Bets #2)","6HEALKUTmfU",2024-06-14
"[GOING SEVENTEEN] EP.14 버논에서 모처럼 모내기를 하며 모든 내기를 해보았다 #1 (Planting Rice and Making Bets #1)","AxQDyhBYMtM",2024-06-13
"[GOING SEVENTEEN] EP.103 LIAR LIAR #1","WAfrm5538_k",2024-06-13
"[GOING SEVENTEEN] EP.5 출발 세븐틴 #1 (Let's Go! SEVENTEEN #1)","d1Tjh0mJBZU",2024-06-11
"[GOING SEVENTEEN] EP.57 8월의 크리스마스 Ⅱ #2 (Christmas in August Ⅱ #2)","UIlZKtRyog0",2024-06-11
"[GOING SEVENTEEN] EP.56 8월의 크리스마스 Ⅱ #1 (Christmas in August Ⅱ #1)","Ujkg9TO1-TQ",2024-06-11
"[GOING SEVENTEEN 2020] EP.30 8월의 크리스마스 #2 (Christmas in August #2)","o03cOYRJTp4",2024-06-11
"[GOING SEVENTEEN 2020] EP.28 술래잡기 #2 (The Tag #2)","8A9UBdMBEgI",2024-06-10
"[GOING SEVENTEEN] EP.76 전원 회식 (A Company Dinner for EveryWON)","4_eOMTwQUzo",2024-06-10
"[GOING SEVENTEEN 2020] EP.13 SVT ESCAPE ROOM #2","ZB4ABOJfpy8",2024-06-09
"[GOING SEVENTEEN 2020] EP.11 S.B.S #2 (SEVENTEEN BRAIN SURVIVAL #2)","ZbfHpnri1Ko",2024-06-09
"[GOING SEVENTEEN 2020] EP.12 SVT ESCAPE ROOM #1","jS7RmsQ-QrU",2024-06-09
"[GOING SEVENTEEN 2020] EP.26 디에잇과 12인의 그림자 #2 (THE 8 and the 12 Shadows #2)","2kdXw2iv_fA",2024-06-09
"[GOING SEVENTEEN 2020] EP.25 디에잇과 12인의 그림자 #1 (THE 8 and the 12 Shadows #1)","ub96Mzr7BBQ",2024-06-09
"[GOING SEVENTEEN] EP.92 전참시 벌 #2 (Point of Omniscient Interfere Penalty #2)","rnFPIn1aEO0",2024-06-08
"[GOING SEVENTEEN] EP.91 전참시 벌 #1 (Point of Omniscient Interfere Penalty #1)","q3rfMpxOl08",2024-06-07
"[GOING SEVENTEEN SPECIAL] 겨울방학 특집 : 안다와 몰라 #2 (I Know & Don't Know #2)","DP1S_W2tPpE",2024-06-07
"[GOING SEVENTEEN] EP.102 13인의 성난 사람들 #2 (13 Angry Men #2)","msoKaR1RWas",2024-06-06
"[GOING SEVENTEEN] EP.100 고잉 레인저 #2 (Going Rangers #2)","nFQanahQ3YE",2024-06-02
"[GOING SEVENTEEN SPECIAL] 겨울방학 특집 : 안다와 몰라 #1 (I Know & Don't Know #1)","78LM7AyE6-g",2024-06-02
"[GOING SEVENTEEN SPECIAL] 고잉 코멘터리 (GOING COMMENTARY)","MG_Lm-USPgQ",2024-06-02
"[GOING SEVENTEEN] EP.21 논리나잇 Ⅲ #1 (Debate Night Ⅲ #1)","Sq5cTPiyv8A",2024-06-02
"[GOING SEVENTEEN] EP.101 13인의 성난 사람들 #1 (13 Angry Men #1)","zVVnpkgXuLQ",2024-05-31
"[GOING SEVENTEEN] EP.78 화이트에서 할 수 있는 모든 것 #2 (Everything Possible in the White Zone #2)","XHgJCzhh2QY",2024-05-30
"[GOING SEVENTEEN] EP.13 룰렛인생 #2 (Roulette Life #2)","ahtZRFcH2Yg",2024-05-23
"[GOING SEVENTEEN] EP.12 룰렛인생 #1 (Roulette Life #1)","MZxauxuCPss",2024-05-23
"[SEVENTEEN] GOING SEVENTEEN 2019 EP.25 SVT 놀이터 #2｜SSS #1 (SVT Playground #2｜SVT SECRET SANTA #1)","ktKU5hPO9b8",2024-05-23
"[SEVENTEEN] GOING SEVENTEEN 2019 EP.24 SVT 놀이터 #1 (SVT Playground #1)","XbNcsgEX2jc",2024-05-23
"[GOING SEVENTEEN] EP.100 고잉 레인저 #2 (Going Rangers #2)","nFQanahQ3YE",2024-05-23
"[GOING SEVENTEEN] EP.32 순응특집 단짝 #2 (Best Friends #2)","lPxbmawGISs",2024-05-20
"[GOING SEVENTEEN] EP.99 고잉 레인저 #1 (Going Rangers #1)","tT8_ENoEHco",2024-05-19
"[GOING SEVENTEEN] EP.99 고잉 레인저 #1 (Going Rangers #1)","tT8_ENoEHco",2024-05-16
"[GOING SEVENTEEN] COMEBACK SPECIAL : 음악의 신들의 학교에 마에스트로의 등장이라.. #1 (The Musical Heirs #1)","qppmHwt4nC8",2024-05-02
"[GOING SEVENTEEN] COMEBACK SPECIAL : 음악의 신들의 학교에 마에스트로의 등장이라.. #2 (The Musical Heirs #2)","9rZgP8jebBQ",2024-05-02
"[GOING SEVENTEEN] EP.29 불면제로 Ⅱ #1 (Insomnia-Zero Ⅱ #1)","q2j_1Mo5JSo",2024-04-13
"[GOING SEVENTEEN 2020] EP.9 불면제로 #2 (Insomnia-Zero #2)","mk3c9y05zLY",2024-04-13
"[GOING SEVENTEEN 2020] EP.43 GOING VS SEVENTEEN #2","yjhH4fJ8cig",2024-04-07
"[GOING SEVENTEEN 2020] EP.42 GOING VS SEVENTEEN #1","YTQrsc-scNk",2024-04-07
"[GOING SEVENTEEN] EP.1 드립 : 고잉 컴퍼니 #1 (Ad-lib : GOING COMPANY #1)","z1IdT5h5pCo",2024-04-07
"[GOING SEVENTEEN SPECIAL] 기타 등등 : 딜리버리 푸드 파이터 (ETC : Delivery Food Fighter)","9ub25Af3Qpw",2024-04-06
"[GOING SEVENTEEN SPECIAL] 기타 등등 : 나가 (ETC : Get Out)","IUfv9zIzqZ0",2024-04-06
"[GOING SEVENTEEN SPECIAL] 기타 등등 : 갑진년 잘 부탁드립니다 (ETC : Cheers to a New Year)","2WbyphrkLok",2024-04-06
"[GOING SEVENTEEN 2020] EP.30 8월의 크리스마스 #2 (Christmas in August #2)","o03cOYRJTp4",2024-04-03
"[GOING SEVENTEEN 2020] EP.29 8월의 크리스마스 #1 (Christmas in August #1)","DtFEm46-XdE",2024-04-03
"[GOING SEVENTEEN SPECIAL] 기타 등등 : 나가 (ETC : Get Out)","IUfv9zIzqZ0",2024-04-02
"[GOING SEVENTEEN SPECIAL] 기타 등등 : 미식한 고독가 (ETC : The Gourmet Solitude)","KCVWxPgdFhc",2024-03-31
"[GOING SEVENTEEN SPECIAL] 기타 등등 : 멍 (ETC : Zone Out)","jTOQPnL9q4s",2024-03-20
"[GOING SEVENTEEN SPECIAL] 기타 등등 : 근데 (ETC : But)","CK-7GCkvDxw",2024-03-20
"[GOING SEVENTEEN SPECIAL] 기타 등등 : 네가 이걸 하는걸 보고 싶어 (ETC : I Want To See You Do This)","8wKqa9AHiWs",2024-03-20
"[GOING SEVENTEEN SPECIAL] 기타 등등 : 명탐정 버논 (ETC : Detective VERNON)","CRUln4WMzW8",2024-03-20
"[GOING SEVENTEEN SPECIAL] 기타 등등 : 바니바니 바니바니 근황근황 (ETC : Bunny Bunny Update Update)","fmUd-nzPgMk",2024-03-19
"[GOING SEVENTEEN SPECIAL] 기타 등등 : 용용 죽겠지 (ETC : Tease Your Heart Out)","vEmrzaSkal0",2024-03-13
"[GOING SEVENTEEN] EP.47 준우승 운동회 #1 (Runner-Up Sports Day #1)","4yXR2ATAXbg",2024-03-10
"[GOING SEVENTEEN] EP.14 버논에서 모처럼 모내기를 하며 모든 내기를 해보았다 #1 (Planting Rice and Making Bets #1)","AxQDyhBYMtM",2023-12-30
"[GOING SEVENTEEN] EP.17 발마구마구 #2 (Kickball #2)","u_6Pd3C4CMI",2023-12-29
"[GOING SEVENTEEN] EP.32 순응특집 단짝 #2 (Best Friends #2)","lPxbmawGISs",2023-12-29
"[GOING SEVENTEEN] EP.98 2023 고잉 세븐틴 최고의 콘텐츠 #2 (2023 Best of GOING SEVENTEEN #2)","rTXyOzUwZ9s",2023-12-29
"[GOING SEVENTEEN 2020] EP.40 돈't Lie Ⅱ #1 (Don't Lie Ⅱ #1)","7-RbcrWTth4",2023-12-28
"[GOING SEVENTEEN 2020] EP.24 드립 : 세븐틴 갓 탤런트 #2 (Ad-lib : Seventeen's got Talent #2)","bVpPO8giupY",2023-12-28
"[GOING SEVENTEEN 2020] EP.23 드립 : 세븐틴 갓 탤런트 #1 (Ad-lib : Seventeen's got Talent #1)","vVAPe9DZxB4",2023-12-28
"[GOING SEVENTEEN 2020] EP.22 네발라이더 #2 (Four Wheeled Rider #2)","zNUNmzCSYPs",2023-12-25
"[GOING SEVENTEEN 2020] EP.21 네발라이더 #1 (Four Wheeled Rider #1)","xIVAGmpuq78",2023-12-25
"[GOING SEVENTEEN 2020] EP.21 네발라이더 #1 (Four Wheeled Rider #1)","xIVAGmpuq78",2023-12-22
"[GOING SEVENTEEN 2020] EP.23 드립 : 세븐틴 갓 탤런트 #1 (Ad-lib : Seventeen's got Talent #1)","vVAPe9DZxB4",2023-12-22
"[GOING SEVENTEEN 2020] EP.13 SVT ESCAPE ROOM #2","ZB4ABOJfpy8",2023-12-17
"[GOING SEVENTEEN 2020] EP.12 SVT ESCAPE ROOM #1","jS7RmsQ-QrU",2023-12-17
"[GOING SEVENTEEN] EP.14 버논에서 모처럼 모내기를 하며 모든 내기를 해보았다 #1 (Planting Rice and Making Bets #1)","AxQDyhBYMtM",2023-12-15
"[GOING SEVENTEEN 2020] EP.29 8월의 크리스마스 #1 (Christmas in August #1)","DtFEm46-XdE",2023-12-15
"[GOING SEVENTEEN] EP.76 전원 회식 (A Company Dinner for EveryWON)","4_eOMTwQUzo",2023-12-13
"[GOING SEVENTEEN] COMEBACK SPECIAL : 경음악의 신 #2 (God of Light Music #2)","VJnLi4MksCk",2023-12-08
"[GOING SEVENTEEN] EP.98 2023 고잉 세븐틴 최고의 콘텐츠 #2 (2023 Best of GOING SEVENTEEN #2)","rTXyOzUwZ9s",2023-11-26
"[GOING SEVENTEEN] EP.16 발마구마구 #1 (Kickball #1)","c4eNr-9So5A",2023-11-19
"[GOING SEVENTEEN] EP.97 2023 고잉 세븐틴 최고의 콘텐츠 #1 (2023 Best of GOING SEVENTEEN #1)","GvRB4mXvEZM",2023-11-19
"[GOING SEVENTEEN 2020] EP.45 TTT #2 (Hyperrealism Ver.)","Go4K8zfGmdw",2023-11-19
"[GOING SEVENTEEN] EP.96 구원(舊怨) #2 (Grudge #2)","nzI2Y9Qe6LU",2023-11-09
"[GOING SEVENTEEN] EP.95 구원(舊怨) #1 (Grudge #1)","I6LPhlAGZGM",2023-11-09
"[GOING SEVENTEEN] EP.95 구원(舊怨) #1 (Grudge #1)","I6LPhlAGZGM",2023-11-03
"[GOING SEVENTEEN] COMEBACK SPECIAL : 경음악의 신 #1 (God of Light Music #1)","QsfSOZLe-S8",2023-10-19
"[GOING SEVENTEEN] EP.23 부족오락관 #1 (Tribal Games #1)","ncgd8GfklT0",2023-10-18
"[GOING SEVENTEEN] COMEBACK SPECIAL : 경음악의 신 #1 (God of Light Music #1)","QsfSOZLe-S8",2023-10-18
"[GOING SEVENTEEN] EP.93 가위바위보 #1 (Rock Scissors Paper #1)","qnvNqkb7UTk",2023-10-09
"[SEVENTEEN] GOING SEVENTEEN 2019 EP.16 MBTI of SVT #3","fpQceDoi9t4",2023-10-03
"[SEVENTEEN] GOING SEVENTEEN 2019 EP.15 MBTI of SVT #2","EkHttaEGIhY",2023-10-03
"[GOING SEVENTEEN] EP.93 가위바위보 #1 (Rock Scissors Paper #1)","qnvNqkb7UTk",2023-09-29
"[GOING SEVENTEEN] EP.92 전참시 벌 #2 (Point of Omniscient Interfere Penalty #2)","rnFPIn1aEO0",2023-09-25
"[GOING SEVENTEEN] EP.91 전참시 벌 #1 (Point of Omniscient Interfere Penalty #1)","q3rfMpxOl08",2023-09-25
"[GOING SEVENTEEN] EP.91 전참시 벌 #1 (Point of Omniscient Interfere Penalty #1)","q3rfMpxOl08",2023-09-19
"[GOING SEVENTEEN] EP.90 몰래 간 손님 #2 (The Guest Who Left Secretly #2)","4KnATyvKERI",2023-09-19
"[GOING SEVENTEEN] EP.90 몰래 간 손님 #2 (The Guest Who Left Secretly #2)","4KnATyvKERI",2023-09-17
"[GOING SEVENTEEN] EP.89 몰래 간 손님 #1 (The Guest Who Left Secretly #1)","7GuJctDpoAc",2023-09-12
"[GOING SEVENTEEN] EP.88 부밀리가 떴다 #4 (BOOmily Outing #4)","Ri_ZrMpnTe4",2023-09-12
"[GOING SEVENTEEN] EP.88 부밀리가 떴다 #4 (BOOmily Outing #4)","Ri_ZrMpnTe4",2023-09-11
"[GOING SEVENTEEN] EP.86 부밀리가 떴다 #2 (BOOmily Outing #2)","A7TYMNqF-tY",2023-09-10
"[GOING SEVENTEEN] EP.87 부밀리가 떴다 #3 (BOOmily Outing #3)","CZLIeVxWG3c",2023-09-10
"[GOING SEVENTEEN] EP.85 부밀리가 떴다 #1 (BOOmily Outing #1)","I2YKtm1cYqc",2023-09-05
"[GOING SEVENTEEN] EP.85 부밀리가 떴다 #1 (BOOmily Outing #1)","I2YKtm1cYqc",2023-09-03
"[GOING SEVENTEEN] EP.84 셉셉투어 : 먹어? 안 먹어? (TOUR SEV SEV : To eat or not to eat)","mqkFmcU8cOQ",2023-09-03
"[GOING SEVENTEEN] EP.83 셉셉투어 : 감성 숏폼 여행 (TOUR SEV SEV : Sentimental Short-form Tour)","FgJ5AT7mhw8",2023-07-23
"[GOING SEVENTEEN] EP.82 셉셉투어 : 팔랑귀 여행 (TOUR SEV SEV : Gullibles’ Travels)","cawv7OuaDY8",2023-07-23
"[GOING SEVENTEEN] EP.82 셉셉투어 : 팔랑귀 여행 (TOUR SEV SEV : Gullibles’ Travels)","cawv7OuaDY8",2023-07-04
"[GOING SEVENTEEN] EP.82 셉셉투어 : 팔랑귀 여행 (TOUR SEV SEV : Gullibles’ Travels)","cawv7OuaDY8",2023-07-03
"[GOING SEVENTEEN] EP.82 셉셉투어 : 팔랑귀 여행 (TOUR SEV SEV : Gullibles’ Travels)","cawv7OuaDY8",2023-07-01
"[GOING SEVENTEEN 2020] EP.10 S.B.S #1 (SEVENTEEN BRAIN SURVIVAL #1)","o0aQTWjqGIk",2023-06-25
"[SEVENTEEN] GOING SEVENTEEN 2019 EP.19 논리나잇 #1 (Debate Night #1)","9O2D9K7l-FU",2023-06-25
"[SEVENTEEN] GOING SEVENTEEN 2019 EP.19 논리나잇 #1 (Debate Night #1)","9O2D9K7l-FU",2023-06-24
"[GOING SEVENTEEN] EP.32 순응특집 단짝 #2 (Best Friends #2)","lPxbmawGISs",2023-06-24
"[GOING SEVENTEEN 2020] EP.9 불면제로 #2 (Insomnia-Zero #2)","mk3c9y05zLY",2023-06-24
"[GOING SEVENTEEN 2020] EP.9 불면제로 #2 (Insomnia-Zero #2)","mk3c9y05zLY",2023-06-23
"[GOING SEVENTEEN 2020] EP.47 GOING #2","bHfkhdox6j4",2023-06-23
"[GOING SEVENTEEN] EP.80 GOING Vol.2 #2","4Uq-0iwL-PQ",2023-06-23
"[GOING SEVENTEEN] EP.81 셉셉투어 #1 (TOUR SEV SEV #1)","xgDMfMt7kDs",2023-06-22
"[GOING SEVENTEEN 2020] EP.2 2020 : MYSTERY MYSTERY #2","V5Ms5o3k26k",2023-06-19
"[GOING SEVENTEEN 2020] EP.1 2020 : MYSTERY MYSTERY #1","PXf59S2kFag",2023-06-19
"[GOING SEVENTEEN] EP.36 쌀밥을 맛있게 먹는 완벽한 방법 #1 (How to Eat Rice the Perfect Way #1)","JGc4foXl6BA",2023-06-19
"[GOING SEVENTEEN SPECIAL] 겨울방학 특집 : 안다와 몰라 #1 (I Know & Don't Know #1)","78LM7AyE6-g",2023-06-19
"[GOING SEVENTEEN SPECIAL] 겨울방학 특집 : 안다와 몰라 #2 (I Know & Don't Know #2)","DP1S_W2tPpE",2023-06-19
"[GOING SEVENTEEN] EP.80 GOING Vol.2 #2","4Uq-0iwL-PQ",2023-06-19
"[GOING SEVENTEEN] EP.80 GOING Vol.2 #2","4Uq-0iwL-PQ",2023-06-16
"[GOING SEVENTEEN] EP.79 GOING Vol.2 #1","4g6AC6mXShE",2023-06-08
"[GOING SEVENTEEN] EP.78 화이트에서 할 수 있는 모든 것 #2 (Everything Possible in the White Zone #2)","XHgJCzhh2QY",2023-06-03
"[GOING SEVENTEEN] EP.77 화이트에서 할 수 있는 모든 것 #1 (Everything Possible in the White Zone #1)","8JOCd84Pnas",2023-06-03
"[GOING SEVENTEEN] EP.77 화이트에서 할 수 있는 모든 것 #1 (Everything Possible in the White Zone #1)","8JOCd84Pnas",2023-05-28
"[GOING SEVENTEEN] EP.77 화이트에서 할 수 있는 모든 것 #1 (Everything Possible in the White Zone #1)","8JOCd84Pnas",2023-05-27
"[GOING SEVENTEEN] EP.77 화이트에서 할 수 있는 모든 것 #1 (Everything Possible in the White Zone #1)","8JOCd84Pnas",2023-05-25
"[GOING SEVENTEEN] EP.76 전원 회식 (A Company Dinner for EveryWON)","4_eOMTwQUzo",2023-05-22
"[GOING SEVENTEEN] EP.72 법정 : 모든 걸 꿰뚫어 보는 눈 #1 (Court : Eyes That See The Truth #1)","bA7XCoBsIDs",2023-04-21
"[GOING SEVENTEEN 2020] EP.28 술래잡기 #2 (The Tag #2)","8A9UBdMBEgI",2023-04-16
"[GOING SEVENTEEN 2020] EP.27 술래잡기 #1 (The Tag #1)","zKa-EGTpkRI",2023-04-16
"[GOING SEVENTEEN] EP.1 드립 : 고잉 컴퍼니 #1 (Ad-lib : GOING COMPANY #1)","z1IdT5h5pCo",2023-04-16
"[GOING SEVENTEEN] EP.57 8월의 크리스마스 Ⅱ #2 (Christmas in August Ⅱ #2)","UIlZKtRyog0",2023-04-16
"[GOING SEVENTEEN] EP.56 8월의 크리스마스 Ⅱ #1 (Christmas in August Ⅱ #1)","Ujkg9TO1-TQ",2023-04-16
"[GOING SEVENTEEN] EP.53 HIDE N SEEK","Gg1Iz-Ok-4g",2023-04-16
"[GOING SEVENTEEN] EP.24 부족오락관 #2 (Tribal Games #2)","PN7rJrGo9a0",2023-04-16
"[GOING SEVENTEEN] EP.23 부족오락관 #1 (Tribal Games #1)","ncgd8GfklT0",2023-04-16
"[GOING SEVENTEEN] EP.8 보물섬 : 13 Raiders #2 (Treasure Island : 13 Raiders #2)","HXlJxJ4BYok",2023-04-16
"[GOING SEVENTEEN] EP.7 보물섬 : 13 Raiders #1 (Treasure Island : 13 Raiders #1)","PE2qHXNS3YI",2023-04-16
"[GOING SEVENTEEN 2020] EP.39 CARNIVAL","Mq6hMskza_c",2023-04-15
"[GOING SEVENTEEN 2020] EP.40 돈't Lie Ⅱ #1 (Don't Lie Ⅱ #1)","7-RbcrWTth4",2023-04-15
"[GOING SEVENTEEN 2020] EP.43 GOING VS SEVENTEEN #2","yjhH4fJ8cig",2023-04-15
"[GOING SEVENTEEN 2020] EP.42 GOING VS SEVENTEEN #1","YTQrsc-scNk",2023-04-15
"[GOING SEVENTEEN] EP.71 돈't Lie : The CHASER #2 (Don’t Lie : The CHASER #2)","aNJwPoN2S9Y",2023-04-13
"[GOING SEVENTEEN] EP.70 돈't Lie : The CHASER #1 (Don’t Lie : The CHASER #1)","q0bYVoLJ5UA",2023-04-13
"[GOING SEVENTEEN] EP.48 준우승 운동회 #2 (Runner-Up Sports Day #2)","qk5Q9Hng5Fg",2023-04-03
"[GOING SEVENTEEN] EP.47 준우승 운동회 #1 (Runner-Up Sports Day #1)","4yXR2ATAXbg",2023-04-03
"[GOING SEVENTEEN 2020] EP.42 GOING VS SEVENTEEN #1","YTQrsc-scNk",2023-04-03
"[GOING SEVENTEEN 2020] EP.14 딜리버리 푸드 파이터 上 (Delivery Food Fighter #1)","nKkOJQFiOhA",2023-04-02
"[GOING SEVENTEEN 2020] EP.29 8월의 크리스마스 #1 (Christmas in August #1)","DtFEm46-XdE",2023-04-02
"[GOING SEVENTEEN 2020] EP.18 논리나잇 Ⅱ #1 (Debate Night Ⅱ #1)","PwsatXwPonc",2023-04-02
"[GOING SEVENTEEN] EP.20 TTT에 빠지다 #3 (Dive into TTT #3) (Water Sports Ver.)","M_wTMA3sO2c",2023-04-02
"[GOING SEVENTEEN] EP.13 룰렛인생 #2 (Roulette Life #2)","ahtZRFcH2Yg",2023-04-02
"[GOING SEVENTEEN] EP.12 룰렛인생 #1 (Roulette Life #1)","MZxauxuCPss",2023-04-01
"[SEVENTEEN] GOING SEVENTEEN 2019 EP.12 SVT TRIP #1","Wzf-zJSNbgc",2023-04-01
"[SEVENTEEN] GOING SEVENTEEN 2019 EP.28 세봉이의 상상은 현실이 된다 #2 (THE SECRET LIFE OF GOING SEVONG #2)","x0FTQ0rnW_A",2023-04-01
"[SEVENTEEN] GOING SEVENTEEN 2019 EP.23 TTT #3 (Camping Ver.)","ngq4yPRczJI",2023-04-01
"[SEVENTEEN] GOING SEVENTEEN 2019 EP.22 TTT #2 (Camping Ver.)","Lbk5zL1eXEc",2023-04-01
"[SEVENTEEN] GOING SEVENTEEN 2019 EP.21 TTT #1 (Camping Ver.)","zMpnvIJePt4",2023-04-01
"[GOING SEVENTEEN 2020] EP.45 TTT #2 (Hyperrealism Ver.)","Go4K8zfGmdw",2023-04-01
"[GOING SEVENTEEN 2020] EP.44 TTT #1 (Hyperrealism Ver.)","OjbjlNbQqLc",2023-04-01
"[SEVENTEEN] GOING SEVENTEEN 2019 연말특집 TTT 하드 털이 (TTT Compilation)","V2f7DgtIPp8",2023-04-01
"[SEVENTEEN] GOING SEVENTEEN 2019 EP.24 SVT 놀이터 #1 (SVT Playground #1)","XbNcsgEX2jc",2023-04-01
"[SEVENTEEN] GOING SEVENTEEN 2019 EP.25 SVT 놀이터 #2｜SSS #1 (SVT Playground #2｜SVT SECRET SANTA #1)","ktKU5hPO9b8",2023-04-01
"[SEVENTEEN] GOING SEVENTEEN 2019 EP.17 노래방탈출 #1 (Escape Singing Room #1)","dnLf3U4sM9o",2023-04-01
"[GOING SEVENTEEN] EP.69 돈’t Lie : CLUE #2 (Don’t Lie : CLUE #2)","in87oOJGvAE",2023-03-29
"[GOING SEVENTEEN] EP.68 돈’t Lie : CLUE #1 (Don’t Lie : CLUE #1)","BeDkwcm-nJ4",2023-03-28
"[GOING SEVENTEEN 2020] EP.9 불면제로 #2 (Insomnia-Zero #2)","mk3c9y05zLY",2023-03-23
"[GOING SEVENTEEN 2020] EP.8 불면제로 #1 (Insomnia-Zero #1)","89o7Ef7Qaq0",2023-03-23
"[GOING SEVENTEEN] EP.29 불면제로 Ⅱ #1 (Insomnia-Zero Ⅱ #1)","q2j_1Mo5JSo",2023-03-23
"[GOING SEVENTEEN 2020] EP.24 드립 : 세븐틴 갓 탤런트 #2 (Ad-lib : Seventeen's got Talent #2)","bVpPO8giupY",2023-03-23
"[GOING SEVENTEEN 2020] EP.23 드립 : 세븐틴 갓 탤런트 #1 (Ad-lib : Seventeen's got Talent #1)","vVAPe9DZxB4",2023-03-23
"[GOING SEVENTEEN 2020] EP.22 네발라이더 #2 (Four Wheeled Rider #2)","zNUNmzCSYPs",2023-03-22
"[GOING SEVENTEEN 2020] EP.21 네발라이더 #1 (Four Wheeled Rider #1)","xIVAGmpuq78",2023-03-22
"[GOING SEVENTEEN] EP.19 TTT에 빠지다 #2 (Dive into TTT #2) (Water Sports Ver.)","ieuS9OWhI1g",2023-03-22
"[GOING SEVENTEEN] EP.18 TTT에 빠지다 #1 (Dive into TTT #1) (Water Sports Ver.)","2lTN_tCtuq0",2023-03-22
"[GOING SEVENTEEN] EP.35 둘이서 셉식당 #3 (SVT’s Kitchen for Two #3)","n73_2yj5oRo",2023-03-22
"[GOING SEVENTEEN] EP.6 출발 세븐틴 #2 (Let's Go! SEVENTEEN #2)","9-FIfaMReFE",2023-03-22
"[GOING SEVENTEEN] EP.5 출발 세븐틴 #1 (Let's Go! SEVENTEEN #1)","d1Tjh0mJBZU",2023-03-22
"[GOING SEVENTEEN] EP.34 둘이서 셉식당 #2 (SVT’s Kitchen for Two #2)","E8SP-CaFiyc",2023-03-22
"[GOING SEVENTEEN] EP.33 둘이서 셉식당 #1 (SVT’s Kitchen for Two #1)","Q7UPTAdSPYs",2023-03-22
"[GOING SEVENTEEN] EP.32 순응특집 단짝 #2 (Best Friends #2)","lPxbmawGISs",2023-03-22
"[GOING SEVENTEEN] EP.31 순응특집 단짝 #1 (Best Friends #1)","T5etCb0-pO0",2023-03-22
"[GOING SEVENTEEN] EP.17 발마구마구 #2 (Kickball #2)","u_6Pd3C4CMI",2023-03-21
"[GOING SEVENTEEN] EP.16 발마구마구 #1 (Kickball #1)","c4eNr-9So5A",2023-03-21
"[GOING SEVENTEEN] EP.18 TTT에 빠지다 #1 (Dive into TTT #1) (Water Sports Ver.)","2lTN_tCtuq0",2023-03-21
"[GOING SEVENTEEN] EP.61 토크 회식 #2 (Talk Get-Together #2)","_naGeCxCBuo",2023-03-21
"[GOING SEVENTEEN] EP.60 토크 회식 #1 (Talk Get-Together #1)","Sd9HkHMC7Wo",2023-03-21
"[GOING SEVENTEEN] EP.16 발마구마구 #1 (Kickball #1)","c4eNr-9So5A",2023-03-19
"[GOING SEVENTEEN] EP.15 버논에서 모처럼 모내기를 하며 모든 내기를 해보았다 #2 (Planting Rice and Making Bets #2)","6HEALKUTmfU",2023-03-19
"[GOING SEVENTEEN] EP.14 버논에서 모처럼 모내기를 하며 모든 내기를 해보았다 #1 (Planting Rice and Making Bets #1)","AxQDyhBYMtM",2023-03-19
"[GOING SEVENTEEN SPECIAL] 겨울방학 특집 : 안다와 몰라 #2 (I Know & Don't Know #2)","DP1S_W2tPpE",2023-03-19
"[GOING SEVENTEEN SPECIAL] 겨울방학 특집 : 안다와 몰라 #1 (I Know & Don't Know #1)","78LM7AyE6-g",2023-03-19
"[GOING SEVENTEEN] EP.67 기습 돈't Lie #2 (Surprise Don’t Lie #2)","_Zf2-wIem7M",2023-03-17
"[GOING SEVENTEEN 2020] EP.5 부승관의 전생연분 #1 (SeungKwan Boo's Past Life Destiny #1)","ickim9Cf_lY",2023-03-15
"[GOING SEVENTEEN] EP.65 고잉 컴퍼니 야유회 (GOING COMPANY Outing)","jKVax0uTRVc",2023-03-11
"[GOING SEVENTEEN] EP.65 고잉 컴퍼니 야유회 (GOING COMPANY Outing)","jKVax0uTRVc",2023-03-04
"[GOING SEVENTEEN 2020] EP.12 SVT ESCAPE ROOM #1","jS7RmsQ-QrU",2023-01-20
"[GOING SEVENTEEN 2020] EP.27 술래잡기 #1 (The Tag #1)","zKa-EGTpkRI",2023-01-20
"[SEVENTEEN] GOING SEVENTEEN 2019 EP.21 TTT #1 (Camping Ver.)","zMpnvIJePt4",2023-01-20
"[GOING SEVENTEEN SPECIAL] 겨울방학 특집 : 안다와 몰라 #2 (I Know & Don't Know #2)","DP1S_W2tPpE",2023-01-04
"[GOING SEVENTEEN] EP.4 100만 원 #2 (ONE MILLION WON #2)","d3MOlnbzWBM",2023-01-04
"[GOING SEVENTEEN] EP.3 100만 원 #1 (ONE MILLION WON #1)","gziEl4Q4CcY",2023-01-04
"[GOING SEVENTEEN] EP.3 100만 원 #1 (ONE MILLION WON #1)","gziEl4Q4CcY",2023-01-04
"[GOING SEVENTEEN] EP.11 광고천재 세븐틴 (Ad Genius SEVENTEEN)","EeAm_aL8toQ",2023-01-04
"[GOING SEVENTEEN] EP.26 캐치 스탁 : 가즈아 잡즈아 #2 (CATCH STOCK #2)","D2TbvAJNSE4",2023-01-04
"[GOING SEVENTEEN] EP.25 캐치 스탁 : 가즈아 잡즈아 #1 (CATCH STOCK #1)","qspwa5Tn4IA",2023-01-04
"[GOING SEVENTEEN] EP.43 세븐틴사이드 아웃 Ⅱ #2 (SVTSIDE OUT Ⅱ #2)","waQ47pqNZzY",2023-01-04
"[GOING SEVENTEEN] EP.49 세븐틴 고잉 라디오 쇼 #1 (SEVENTEEN GOING Radio Show #1)","H8a6eDn9AKM",2023-01-04
"[GOING SEVENTEEN] EP.60 토크 회식 #1 (Talk Get-Together #1)","Sd9HkHMC7Wo",2023-01-04
"[GOING SEVENTEEN SPECIAL] 겨울방학 특집 : 안다와 몰라 #1 (I Know & Don't Know #1)","78LM7AyE6-g",2023-01-02
"[GOING SEVENTEEN] EP.36 쌀밥을 맛있게 먹는 완벽한 방법 #1 (How to Eat Rice the Perfect Way #1)","JGc4foXl6BA",2022-12-01
"[GOING SEVENTEEN] EP.41 나 혼자 사는 세븐틴 씨의 트루먼 쇼 #2 (The Truman Show of Mr. SVT’s We Live Alone #2)","Ny-cUQKUXAo",2022-11-30
"[GOING SEVENTEEN] EP.40 나 혼자 사는 세븐틴 씨의 트루먼 쇼 #1 (The Truman Show of Mr. SVT’s We Live Alone #1)","JrXtc1-O3tQ",2022-11-30
"[GOING SEVENTEEN] EP.39 무모한 고잉 #2 (Infinite GOING #2)","mWcsZtCZX_A",2022-11-28
"[GOING SEVENTEEN] EP.10 돈't Lie Ⅲ #2 (Don't Lie Ⅲ #2)","MqrdKz3Ulyk",2022-11-28
"[GOING SEVENTEEN] EP.9 돈't Lie Ⅲ #1 (Don't Lie Ⅲ #1)","Qvu_JCYrwE0",2022-11-28
"[GOING SEVENTEEN] EP.47 준우승 운동회 #1 (Runner-Up Sports Day #1)","4yXR2ATAXbg",2022-11-28
"[SEVENTEEN] GOING SEVENTEEN 2019 EP.24 SVT 놀이터 #1 (SVT Playground #1)","XbNcsgEX2jc",2022-11-28
"[GOING SEVENTEEN 2020] EP.41 돈't Lie Ⅱ #2 (Don't Lie Ⅱ #2)","YZg6Gr7PFBA",2022-11-28
"[GOING SEVENTEEN 2020] EP.40 돈't Lie Ⅱ #1 (Don't Lie Ⅱ #1)","7-RbcrWTth4",2022-11-28
"[GOING SEVENTEEN 2020] EP.4 돈't Lie #2 (Don't Lie #2)","YUcplsLTwXk",2022-11-28
"[SEVENTEEN] GOING SEVENTEEN 2019 EP.25 SVT 놀이터 #2｜SSS #1 (SVT Playground #2｜SVT SECRET SANTA #1)","ktKU5hPO9b8",2022-11-28
"[SEVENTEEN] GOING SEVENTEEN 2019 EP.24 SVT 놀이터 #1 (SVT Playground #1)","XbNcsgEX2jc",2022-11-28
"[GOING SEVENTEEN] EP.42 세븐틴사이드 아웃 Ⅱ #1 (SVTSIDE OUT Ⅱ #1)","_O0UWg3rzx4",2022-11-27
"[GOING SEVENTEEN] EP.43 세븐틴사이드 아웃 Ⅱ #2 (SVTSIDE OUT Ⅱ #2)","waQ47pqNZzY",2022-11-27
"[GOING SEVENTEEN] EP.49 세븐틴 고잉 라디오 쇼 #1 (SEVENTEEN GOING Radio Show #1)","H8a6eDn9AKM",2022-11-27
"[GOING SEVENTEEN 2020] EP.15 딜리버리 푸드 파이터 下 (Delivery Food Fighter #2)","_VY-lZAQbfg",2022-11-25
"[GOING SEVENTEEN] EP.51 너 자신을 알라 #1 (Know Thyself #1)","YHcNShpF4Uo",2022-11-25
"[GOING SEVENTEEN] EP.46 GSVT E-Triathlon Championship 2022 #3","Ivc2CO5x1_U",2022-11-24
"[GOING SEVENTEEN] EP.45 GSVT E-Triathlon Championship 2022 #2","Abk_5NhccwE",2022-11-24
"[GOING SEVENTEEN] EP.44 GSVT E-Triathlon Championship 2022 #1","wKjpYOR8_F0",2022-11-24
"[GOING SEVENTEEN] EP.57 8월의 크리스마스 Ⅱ #2 (Christmas in August Ⅱ #2)","UIlZKtRyog0",2022-11-23
"[GOING SEVENTEEN] EP.59 GOOD OFFER #2","ZBqA7LcWR6c",2022-11-23
"[GOING SEVENTEEN] EP.55 전원우일기 #2 (WONWOO's Diary #2)","RmLSy-4xx54",2022-11-23
"[GOING SEVENTEEN] EP.56 8월의 크리스마스 Ⅱ #1 (Christmas in August Ⅱ #1)","Ujkg9TO1-TQ",2022-11-23
"[GOING SEVENTEEN] EP.53 HIDE N SEEK","Gg1Iz-Ok-4g",2022-11-23
"[GOING SEVENTEEN 2020] EP.46 GOING #1","tS9Fp77VtAE",2022-11-23
"[GOING SEVENTEEN 2020] EP.47 GOING #2","bHfkhdox6j4",2022-11-23
"[GOING SEVENTEEN 2020] EP.30 8월의 크리스마스 #2 (Christmas in August #2)","o03cOYRJTp4",2022-11-22
"[GOING SEVENTEEN 2020] EP.29 8월의 크리스마스 #1 (Christmas in August #1)","DtFEm46-XdE",2022-11-22
"[GOING SEVENTEEN] EP.14 버논에서 모처럼 모내기를 하며 모든 내기를 해보았다 #1 (Planting Rice and Making Bets #1)","AxQDyhBYMtM",2022-11-22
"[GOING SEVENTEEN 2020] EP.24 드립 : 세븐틴 갓 탤런트 #2 (Ad-lib : Seventeen's got Talent #2)","bVpPO8giupY",2022-11-21
"[GOING SEVENTEEN 2020] EP.23 드립 : 세븐틴 갓 탤런트 #1 (Ad-lib : Seventeen's got Talent #1)","vVAPe9DZxB4",2022-11-21
"[GOING SEVENTEEN] EP.44 GSVT E-Triathlon Championship 2022 #1","wKjpYOR8_F0",2022-11-20
"[GOING SEVENTEEN 2020] EP.26 디에잇과 12인의 그림자 #2 (THE 8 and the 12 Shadows #2)","2kdXw2iv_fA",2022-11-20
"[GOING SEVENTEEN 2020] EP.25 디에잇과 12인의 그림자 #1 (THE 8 and the 12 Shadows #1)","ub96Mzr7BBQ",2022-11-20
"[GOING SEVENTEEN] EP.23 부족오락관 #1 (Tribal Games #1)","ncgd8GfklT0",2022-11-18
"[GOING SEVENTEEN] EP.32 순응특집 단짝 #2 (Best Friends #2)","lPxbmawGISs",2022-11-16
"[GOING SEVENTEEN] EP.64 BAD CLUE Ⅱ #3","UO2KBxvkodo",2022-11-09
"[GOING SEVENTEEN] EP.63 BAD CLUE Ⅱ #2","BGhgLrBNywE",2022-11-09
"[GOING SEVENTEEN] EP.62 BAD CLUE Ⅱ #1","6RlQTnYpb0M",2022-11-09
"[GOING SEVENTEEN SPECIAL] 고잉셉특급 : 당신의 심장을 뛰게 할 콘텐츠를 찾아라 (GOING SVT X MMTG)","W1PJatlxhWc",2022-11-09
"[GOING SEVENTEEN 2020] EP.24 드립 : 세븐틴 갓 탤런트 #2 (Ad-lib : Seventeen's got Talent #2)","bVpPO8giupY",2022-11-09
"[GOING SEVENTEEN 2020] EP.24 드립 : 세븐틴 갓 탤런트 #2 (Ad-lib : Seventeen's got Talent #2)","bVpPO8giupY",2022-11-08
"[GOING SEVENTEEN 2020] EP.23 드립 : 세븐틴 갓 탤런트 #1 (Ad-lib : Seventeen's got Talent #1)","vVAPe9DZxB4",2022-11-08
"[GOING SEVENTEEN] EP.62 BAD CLUE Ⅱ #1","6RlQTnYpb0M",2022-11-07
"[GOING SEVENTEEN 2020] EP.35 BAD CLUE #2","4BouDJrSEEk",2022-11-07
"[GOING SEVENTEEN 2020] EP.34 BAD CLUE #1","HOQzjZii7LY",2022-11-07
"[GOING SEVENTEEN 2020] EP.38 천고마비 (Bungee Jump) #2","3wVFOufYIqA",2022-11-07
"[GOING SEVENTEEN 2020] EP.37 천고마비 (Bungee Jump) #1","JxIFJaiTAqI",2022-11-07
"[GOING SEVENTEEN] EP.39 무모한 고잉 #2 (Infinite GOING #2)","mWcsZtCZX_A",2022-11-07
"[GOING SEVENTEEN] EP.38 무모한 고잉 #1 (Infinite GOING #1)","WfLcHtvVXik",2022-11-07
"[GOING SEVENTEEN] EP.28 EGO #2","lxZThmDvOSs",2022-11-07
"[GOING SEVENTEEN] EP.27 EGO #1","4Boe42AdL34",2022-11-07
"[GOING SEVENTEEN 2020] EP.33 MOUSEBUSTERS #3","8xZqsdb3hso",2022-11-07
"[GOING SEVENTEEN 2020] EP.31 MOUSEBUSTERS #1","hxTGug0k39s",2022-11-07
"[GOING SEVENTEEN 2020] EP.32 MOUSEBUSTERS #2","vOl-ahE6Sj4",2022-11-07
"[GOING SEVENTEEN 2020] EP.29 8월의 크리스마스 #1 (Christmas in August #1)","DtFEm46-XdE",2022-11-06
"[GOING SEVENTEEN 2020] EP.31 MOUSEBUSTERS #1","hxTGug0k39s",2022-11-06
"[GOING SEVENTEEN 2020] EP.36 세븐틴사이드 아웃 (SVTSIDE OUT)","ocKgQ5Zgzqg",2022-11-06
"[GOING SEVENTEEN 2020] EP.45 TTT #2 (Hyperrealism Ver.)","Go4K8zfGmdw",2022-11-06
"[GOING SEVENTEEN 2020] EP.44 TTT #1 (Hyperrealism Ver.)","OjbjlNbQqLc",2022-11-06
"[GOING SEVENTEEN] EP.48 준우승 운동회 #2 (Runner-Up Sports Day #2)","qk5Q9Hng5Fg",2022-11-06
"[GOING SEVENTEEN] EP.47 준우승 운동회 #1 (Runner-Up Sports Day #1)","4yXR2ATAXbg",2022-11-06
"[GOING SEVENTEEN] EP.58 GOOD OFFER #1","aOmz9GV_Uxk",2022-11-06
"[GOING SEVENTEEN 2020] EP.1 2020 : MYSTERY MYSTERY #1","PXf59S2kFag",2022-11-06
"[GOING SEVENTEEN 2020] EP.22 네발라이더 #2 (Four Wheeled Rider #2)","zNUNmzCSYPs",2022-11-05
"[GOING SEVENTEEN 2020] EP.21 네발라이더 #1 (Four Wheeled Rider #1)","xIVAGmpuq78",2022-11-05
"[GOING SEVENTEEN 2020] EP.17 인간 체스 #2 (Human Chess #2)","VGQH5UtfOaE",2022-11-05
"[GOING SEVENTEEN 2020] EP.16 인간 체스 #1 (Human Chess #1)","y1hjOwfU3kM",2022-11-05
"[GOING SEVENTEEN 2020] EP.43 GOING VS SEVENTEEN #2","yjhH4fJ8cig",2022-11-05
"[GOING SEVENTEEN 2020] EP.42 GOING VS SEVENTEEN #1","YTQrsc-scNk",2022-11-05
"[GOING SEVENTEEN] EP.58 GOOD OFFER #1","aOmz9GV_Uxk",2022-11-05
"[GOING SEVENTEEN] EP.6 출발 세븐틴 #2 (Let's Go! SEVENTEEN #2)","9-FIfaMReFE",2022-11-05
"[GOING SEVENTEEN] EP.5 출발 세븐틴 #1 (Let's Go! SEVENTEEN #1)","d1Tjh0mJBZU",2022-11-05
"[GOING SEVENTEEN] EP.53 HIDE N SEEK","Gg1Iz-Ok-4g",2022-11-05
"[GOING SEVENTEEN 2020] EP.36 세븐틴사이드 아웃 (SVTSIDE OUT)","ocKgQ5Zgzqg",2022-11-05
"[GOING SEVENTEEN] EP.13 룰렛인생 #2 (Roulette Life #2)","ahtZRFcH2Yg",2022-11-05
"[GOING SEVENTEEN] EP.12 룰렛인생 #1 (Roulette Life #1)","MZxauxuCPss",2022-11-05
"[GOING SEVENTEEN] EP.54 전원우일기 #1 (WONWOO's Diary #1)","8A2S9VqGqlU",2022-11-05
"[GOING SEVENTEEN 2020] EP.4 돈't Lie #2 (Don't Lie #2)","YUcplsLTwXk",2022-11-04
"[GOING SEVENTEEN 2020] EP.3 돈't Lie #1 (Don't Lie #1)","OqTI0KYkeJQ",2022-11-04
"[GOING SEVENTEEN] EP.14 버논에서 모처럼 모내기를 하며 모든 내기를 해보았다 #1 (Planting Rice and Making Bets #1)","AxQDyhBYMtM",2022-11-04
"[GOING SEVENTEEN] EP.19 TTT에 빠지다 #2 (Dive into TTT #2) (Water Sports Ver.)","ieuS9OWhI1g",2022-11-04
"[GOING SEVENTEEN] EP.18 TTT에 빠지다 #1 (Dive into TTT #1) (Water Sports Ver.)","2lTN_tCtuq0",2022-11-04
"[GOING SEVENTEEN] EP.17 발마구마구 #2 (Kickball #2)","u_6Pd3C4CMI",2022-11-04
"[GOING SEVENTEEN] EP.16 발마구마구 #1 (Kickball #1)","c4eNr-9So5A",2022-11-04
"[GOING SEVENTEEN] EP.16 발마구마구 #1 (Kickball #1)","c4eNr-9So5A",2022-11-04
"[GOING SEVENTEEN] EP.17 발마구마구 #2 (Kickball #2)","u_6Pd3C4CMI",2022-11-04
"[GOING SEVENTEEN] EP.27 EGO #1","4Boe42AdL34",2022-11-04
"[GOING SEVENTEEN] EP.30 불면제로 Ⅱ #2 (Insomnia-Zero Ⅱ #2)","_7KUIRQUAIQ",2022-11-04
"[GOING SEVENTEEN] EP.42 세븐틴사이드 아웃 Ⅱ #1 (SVTSIDE OUT Ⅱ #1)","_O0UWg3rzx4",2022-11-03
"[GOING SEVENTEEN] EP.32 순응특집 단짝 #2 (Best Friends #2)","lPxbmawGISs",2022-11-03
"[GOING SEVENTEEN] EP.32 순응특집 단짝 #2 (Best Friends #2)","lPxbmawGISs",2022-11-03
"[GOING SEVENTEEN] EP.31 순응특집 단짝 #1 (Best Friends #1)","T5etCb0-pO0",2022-11-03
"[GOING SEVENTEEN] EP.30 불면제로 Ⅱ #2 (Insomnia-Zero Ⅱ #2)","_7KUIRQUAIQ",2022-11-02
"[GOING SEVENTEEN 2020] EP.9 불면제로 #2 (Insomnia-Zero #2)","mk3c9y05zLY",2022-11-02
"[GOING SEVENTEEN] EP.29 불면제로 Ⅱ #1 (Insomnia-Zero Ⅱ #1)","q2j_1Mo5JSo",2022-11-02
"[GOING SEVENTEEN 2020] EP.8 불면제로 #1 (Insomnia-Zero #1)","89o7Ef7Qaq0",2022-11-02
"[GOING SEVENTEEN] EP.16 발마구마구 #1 (Kickball #1)","c4eNr-9So5A",2022-11-02
"[GOING SEVENTEEN] EP.15 버논에서 모처럼 모내기를 하며 모든 내기를 해보았다 #2 (Planting Rice and Making Bets #2)","6HEALKUTmfU",2022-11-02
"[GOING SEVENTEEN] EP.14 버논에서 모처럼 모내기를 하며 모든 내기를 해보았다 #1 (Planting Rice and Making Bets #1)","AxQDyhBYMtM",2022-11-02
"[GOING SEVENTEEN 2020] EP.28 술래잡기 #2 (The Tag #2)","8A9UBdMBEgI",2022-11-01
"[GOING SEVENTEEN 2020] EP.13 SVT ESCAPE ROOM #2","ZB4ABOJfpy8",2022-11-01
"[GOING SEVENTEEN 2020] EP.12 SVT ESCAPE ROOM #1","jS7RmsQ-QrU",2022-11-01
"[GOING SEVENTEEN 2020] EP.27 술래잡기 #1 (The Tag #1)","zKa-EGTpkRI",2022-11-01
"[GOING SEVENTEEN 2020] EP.26 디에잇과 12인의 그림자 #2 (THE 8 and the 12 Shadows #2)","2kdXw2iv_fA",2022-10-30
"[GOING SEVENTEEN 2020] EP.25 디에잇과 12인의 그림자 #1 (THE 8 and the 12 Shadows #1)","ub96Mzr7BBQ",2022-10-30
"[GOING SEVENTEEN] EP.5 출발 세븐틴 #1 (Let's Go! SEVENTEEN #1)","d1Tjh0mJBZU",2022-10-30
"[GOING SEVENTEEN] EP.5 출발 세븐틴 #1 (Let's Go! SEVENTEEN #1)","d1Tjh0mJBZU",2022-10-30
"[GOING SEVENTEEN 2020] EP.27 술래잡기 #1 (The Tag #1)","zKa-EGTpkRI",2022-07-22
"[GOING SEVENTEEN 2020] EP.28 술래잡기 #2 (The Tag #2)","8A9UBdMBEgI",2022-06-30
"[GOING SEVENTEEN 2020] EP.27 술래잡기 #1 (The Tag #1)","zKa-EGTpkRI",2022-06-30
