"id_video","titulo","vistas","likes","comentarios"
"x0FTQ0rnW_A","[SEVENTEEN] GOING SEVENTEEN 2019 EP.28 세봉이의 상상은 현실이 된다 #2 (THE SECRET LIFE OF GOING SEVONG #2)",2645266,62345,1866
"0lqhR1cV4r0","[SEVENTEEN] GOING SEVENTEEN 2019 EP.27 세봉이의 상상은 현실이 된다 #1 (THE SECRET LIFE OF GOING SEVONG #1)",2761128,94603,2842
"V2f7DgtIPp8","[SEVENTEEN] GOING SEVENTEEN 2019 연말특집 TTT 하드 털이 (TTT Compilation)",8686758,271676,5139
"Q1lhaKEewGQ","[SEVENTEEN] GOING SEVENTEEN 2019 EP.26 SSS #2 (SVT SECRET SANTA #2)",4405749,160202,5256
"ktKU5hPO9b8","[SEVENTEEN] GOING SEVENTEEN 2019 EP.25 SVT 놀이터 #2｜SSS #1 (SVT Playground #2｜SVT SECRET SANTA #1)",7407174,224541,4048
"XbNcsgEX2jc","[SEVENTEEN] GOING SEVENTEEN 2019 EP.24 SVT 놀이터 #1 (SVT Playground #1)",10759078,293942,7945
"ngq4yPRczJI","[SEVENTEEN] GOING SEVENTEEN 2019 EP.23 TTT #3 (Camping Ver.)",5709144,215482,5905
"Lbk5zL1eXEc","[SEVENTEEN] GOING SEVENTEEN 2019 EP.22 TTT #2 (Camping Ver.)",5436443,183605,3270
"zMpnvIJePt4","[SEVENTEEN] GOING SEVENTEEN 2019 EP.21 TTT #1 (Camping Ver.)",8101619,259066,4940
"wTYpjp9Bzrs","[SEVENTEEN] GOING SEVENTEEN 2019 EP.20 논리나잇 #2 (Debate Night #2)",2667682,99111,4082
"9O2D9K7l-FU","[SEVENTEEN] GOING SEVENTEEN 2019 EP.19 논리나잇 #1 (Debate Night #1)",4781729,149339,7647
"LFg1O_lEf5M","[SEVENTEEN] GOING SEVENTEEN 2019 EP.18 노래방탈출 #2 (Escape Singing Room #2)",4344600,180314,5644
"dnLf3U4sM9o","[SEVENTEEN] GOING SEVENTEEN 2019 EP.17 노래방탈출 #1 (Escape Singing Room #1)",7871047,262121,4639
"fpQceDoi9t4","[SEVENTEEN] GOING SEVENTEEN 2019 EP.16 MBTI of SVT #3",4089958,176956,3683
"EkHttaEGIhY","[SEVENTEEN] GOING SEVENTEEN 2019 EP.15 MBTI of SVT #2",5215452,179229,2830
"8YLINCSBaDY","[SEVENTEEN] GOING SEVENTEEN 2019 EP.14 MBTI of SVT #1",4004235,141134,4758
"KuCizZPzVKw","[SEVENTEEN] GOING SEVENTEEN 2019 EP.13 SVT TRIP #2",2250082,73523,1939
"Wzf-zJSNbgc","[SEVENTEEN] GOING SEVENTEEN 2019 EP.12 SVT TRIP #1",4694053,137945,2790
"EJ3bh4zJkl4","[SEVENTEEN] GOING SEVENTEEN 2019 EP.11 당.당.감.체 #2",1377061,55817,1449
"V5YVLdrWoJw","[SEVENTEEN] GOING SEVENTEEN 2019 EP.10 당.당.감.체 #1",2470208,85983,1669
"R3eY4ncfaWA","[SEVENTEEN] GOING SEVENTEEN 2019 EP.9 JAPAN 'HARU' CONCERT #2",890152,43150,1425
"Sd0Uo9BHdBU","[SEVENTEEN] GOING SEVENTEEN 2019 EP.8 JAPAN 'HARU' CONCERT #1",1167065,53826,1596
"AFm4X4yoTr8","[SEVENTEEN] GOING SEVENTEEN 2019 EP.7 고잉 세븐틴 오프닝 영상 만들기",2793286,108905,2810
"lejQcet-fc4","[SEVENTEEN] GOING SEVENTEEN 2019 EP.6 고잉 세븐틴 로고송 만들기",2951909,98291,3382
"5kER2MckMpE","[SEVENTEEN] GOING SEVENTEEN 2019 EP.5 'CARAT LAND' BEHIND",2370646,104940,2674
"JMX9NCM3caQ","[SEVENTEEN] GOING SEVENTEEN 2019 EP.4 고잉엔터테인먼트 신입 사원들의 발표 시간",1787483,58668,2054
"8BR6snFbUTA","[SEVENTEEN] GOING SEVENTEEN 2019 EP.3",1759824,54166,1947
"5jH5xQpNJ1w","[SEVENTEEN] GOING SEVENTEEN 2019 EP.2",1366450,59304,1962
"V9tQrS2XWBI","[SEVENTEEN] GOING SEVENTEEN 2019 EP.1",2425182,111100,3743
"HVzNAbfSUQs","[GOING SEVENTEEN 2020] 고잉 세븐틴 2020 캐럿 어워즈 (GOING SEVENTEEN 2020 CARAT AWARDS)",2933326,159057,11593
"bHfkhdox6j4","[GOING SEVENTEEN 2020] EP.47 GOING #2",4326069,243454,9833
"tS9Fp77VtAE","[GOING SEVENTEEN 2020] EP.46 GOING #1",8005076,372408,16711
"Go4K8zfGmdw","[GOING SEVENTEEN 2020] EP.45 TTT #2 (Hyperrealism Ver.)",16549679,470716,16730
"OjbjlNbQqLc","[GOING SEVENTEEN 2020] EP.44 TTT #1 (Hyperrealism Ver.)",19061442,527186,20435
"yjhH4fJ8cig","[GOING SEVENTEEN 2020] EP.43 GOING VS SEVENTEEN #2",4833782,269330,8898
"YTQrsc-scNk","[GOING SEVENTEEN 2020] EP.42 GOING VS SEVENTEEN #1",8461252,351610,12259
"YZg6Gr7PFBA","[GOING SEVENTEEN 2020] EP.41 돈't Lie Ⅱ #2 (Don't Lie Ⅱ #2)",10640854,491438,18872
"7-RbcrWTth4","[GOING SEVENTEEN 2020] EP.40 돈't Lie Ⅱ #1 (Don't Lie Ⅱ #1)",13973293,463719,13328
"Mq6hMskza_c","[GOING SEVENTEEN 2020] EP.39 CARNIVAL",7486062,382779,19493
"3wVFOufYIqA","[GOING SEVENTEEN 2020] EP.38 천고마비 (Bungee Jump) #2",8448253,389796,13095
"JxIFJaiTAqI","[GOING SEVENTEEN 2020] EP.37 천고마비 (Bungee Jump) #1",12846855,436238,9414
"ocKgQ5Zgzqg","[GOING SEVENTEEN 2020] EP.36 세븐틴사이드 아웃 (SVTSIDE OUT)",11664940,451093,13418
"4BouDJrSEEk","[GOING SEVENTEEN 2020] EP.35 BAD CLUE #2",4747431,267037,13497
"HOQzjZii7LY","[GOING SEVENTEEN 2020] EP.34 BAD CLUE #1",7643046,324764,18423
"8xZqsdb3hso","[GOING SEVENTEEN 2020] EP.33 MOUSEBUSTERS #3",6481572,343139,13055
"vOl-ahE6Sj4","[GOING SEVENTEEN 2020] EP.32 MOUSEBUSTERS #2",6117903,297284,9370
"hxTGug0k39s","[GOING SEVENTEEN 2020] EP.31 MOUSEBUSTERS #1",9309675,388714,12449
"o03cOYRJTp4","[GOING SEVENTEEN 2020] EP.30 8월의 크리스마스 #2 (Christmas in August #2)",7111385,303558,9457
"DtFEm46-XdE","[GOING SEVENTEEN 2020] EP.29 8월의 크리스마스 #1 (Christmas in August #1)",10942882,362174,9969
"8A9UBdMBEgI","[GOING SEVENTEEN 2020] EP.28 술래잡기 #2 (The Tag #2)",11861427,522579,25481
"zKa-EGTpkRI","[GOING SEVENTEEN 2020] EP.27 술래잡기 #1 (The Tag #1)",22051524,768293,25459
"2kdXw2iv_fA","[GOING SEVENTEEN 2020] EP.26 디에잇과 12인의 그림자 #2 (THE 8 and the 12 Shadows #2)",8460614,380987,9040
"ub96Mzr7BBQ","[GOING SEVENTEEN 2020] EP.25 디에잇과 12인의 그림자 #1 (THE 8 and the 12 Shadows #1)",14438920,567346,15010
"bVpPO8giupY","[GOING SEVENTEEN 2020] EP.24 드립 : 세븐틴 갓 탤런트 #2 (Ad-lib : Seventeen's got Talent #2)",8580845,376998,9694
"vVAPe9DZxB4","[GOING SEVENTEEN 2020] EP.23 드립 : 세븐틴 갓 탤런트 #1 (Ad-lib : Seventeen's got Talent #1)",13054951,457963,13545
"zNUNmzCSYPs","[GOING SEVENTEEN 2020] EP.22 네발라이더 #2 (Four Wheeled Rider #2)",5755026,251325,8258
"xIVAGmpuq78","[GOING SEVENTEEN 2020] EP.21 네발라이더 #1 (Four Wheeled Rider #1)",8612069,315070,7197
"k2jflXborAY","[GOING SEVENTEEN 2020] EP.20 그림의 떡 (Pie in the Sky)",7934288,245403,6194
"BrjWFINAfCA","[GOING SEVENTEEN 2020] EP.19 논리나잇 Ⅱ #2 (Debate Night Ⅱ #2)",3747613,149704,5158
"PwsatXwPonc","[GOING SEVENTEEN 2020] EP.18 논리나잇 Ⅱ #1 (Debate Night Ⅱ #1)",6753301,222087,7922
"VGQH5UtfOaE","[GOING SEVENTEEN 2020] EP.17 인간 체스 #2 (Human Chess #2)",4506245,196362,6728
"y1hjOwfU3kM","[GOING SEVENTEEN 2020] EP.16 인간 체스 #1 (Human Chess #1)",6346397,235415,6084
"_VY-lZAQbfg","[GOING SEVENTEEN 2020] EP.15 딜리버리 푸드 파이터 下 (Delivery Food Fighter #2)",3387910,126202,4674
"nKkOJQFiOhA","[GOING SEVENTEEN 2020] EP.14 딜리버리 푸드 파이터 上 (Delivery Food Fighter #1)",4930093,175904,7010
"ZB4ABOJfpy8","[GOING SEVENTEEN 2020] EP.13 SVT ESCAPE ROOM #2",3536978,159872,4236
"jS7RmsQ-QrU","[GOING SEVENTEEN 2020] EP.12 SVT ESCAPE ROOM #1",6192660,213755,4688
"ZbfHpnri1Ko","[GOING SEVENTEEN 2020] EP.11 S.B.S #2 (SEVENTEEN BRAIN SURVIVAL #2)",2906628,126535,3818
"o0aQTWjqGIk","[GOING SEVENTEEN 2020] EP.10 S.B.S #1 (SEVENTEEN BRAIN SURVIVAL #1)",5609474,186764,5714
"mk3c9y05zLY","[GOING SEVENTEEN 2020] EP.9 불면제로 #2 (Insomnia-Zero #2)",8324110,257416,7648
"89o7Ef7Qaq0","[GOING SEVENTEEN 2020] EP.8 불면제로 #1 (Insomnia-Zero #1)",12819388,317537,6176
"YDAqymQH_QQ","[GOING SEVENTEEN 2020] EP.7 부승관의 전생연분 #3 (SeungKwan Boo's Past Life Destiny #3)",5086878,200719,4962
"ond2gUmnvJQ","[GOING SEVENTEEN 2020] EP.6 부승관의 전생연분 #2 (SeungKwan Boo's Past Life Destiny #2)",5565171,199131,6667
"ickim9Cf_lY","[GOING SEVENTEEN 2020] EP.5 부승관의 전생연분 #1 (SeungKwan Boo's Past Life Destiny #1)",7134087,257751,7630
"YUcplsLTwXk","[GOING SEVENTEEN 2020] EP.4 돈't Lie #2 (Don't Lie #2)",7312982,286646,10068
"OqTI0KYkeJQ","[GOING SEVENTEEN 2020] EP.3 돈't Lie #1 (Don't Lie #1)",9968014,305121,7069
"V5Ms5o3k26k","[GOING SEVENTEEN 2020] EP.2 2020 : MYSTERY MYSTERY #2",5156538,193316,3795
"PXf59S2kFag","[GOING SEVENTEEN 2020] EP.1 2020 : MYSTERY MYSTERY #1",8165060,278596,6672
"Jo-T56qzZR8","[GOING SEVENTEEN] EP.140 부승관과 구기 종목 #1 (BOO SEUNGKWAN and Ball Sports #1)",663264,50375,2089
"EJI2bLi8vlI","[GOING SEVENTEEN] EP.139 GOOD OFFER 2 #2",567154,39021,1301
"GuS4O-zz09s","[GOING SEVENTEEN] EP.138 GOOD OFFER 2 #1",1026079,56015,1405
"qgCxPNFF3rY","[GOING SEVENTEEN] EP.137 세븐틴, 무리 지어 쉬다 #2 (SEVENTEEN, How The Pack Rests #2)",1088692,66139,1818
"5U3_1azWJcc","[GOING SEVENTEEN] EP.136 세븐틴, 무리 지어 쉬다 #1 (SEVENTEEN, How The Pack Rests #1)",1651530,98302,2868
"qCq1xbf-8ls","[GOING SEVENTEEN] EP.135 더 게장 #2 (The Gejang #2)",997393,68736,1515
"_iQ4DBMXHpk","[GOING SEVENTEEN] EP.134 더 게장 #1 (The Gejang #1)",1698342,97159,2639
"aaeycpZr9TM","[GOING SEVENTEEN] EP.133 이 콘텐츠는 전부 사실이 아닙니다 : 너의 인연은 #2 (None Of This Is True: Our Connection #2)",1027654,67939,2491
"3KcsMPS7Iv4","[GOING SEVENTEEN] EP.132 이 콘텐츠는 전부 사실이 아닙니다 : 너의 인연은 #1 (None Of This Is True: Our Connection #1)",2100719,120371,4624
"Z4guem5XzCw","[GOING SEVENTEEN] EP.131 물배틀그라운드 #2 (WATER BATTLEGROUNDS #2)",1226259,84780,2905
"fnLUyKhLwrg","[GOING SEVENTEEN] EP.130 물배틀그라운드 #1 (WATER BATTLEGROUNDS #1)",2136344,122853,4312
"cli_QQe2USg","[GOING SEVENTEEN] EP.129 MC 부격돌 : 위험한 초대 #2 (MC BOO’s Dangerous Invitation #2)",3324262,198393,4380
"27FE8Brbfzs","[GOING SEVENTEEN] EP.128 MC 부격돌 : 위험한 초대 #1 (MC BOO’s Dangerous Invitation #1)",4679758,267817,6476
"PLUfUXEkPm4","[GOING SEVENTEEN] EP.127 두더지의 반란 #2 (The Rebellion of the Moles #2)",1499516,100413,2045
"JqO-ijFi3dw","[GOING SEVENTEEN] EP.126 두더지의 반란 #1 (The Rebellion of the Moles #1)",2387971,139622,3155
"SLXeeM5CsZ4","[GOING SEVENTEEN] EP.125 세븐틴을 찾아라 #2 (Where’s SEVENTEEN? #2)",2646192,177187,3611
"SHMw-u9xdxc","[GOING SEVENTEEN] EP.124 세븐틴을 찾아라 #1 (Where’s SEVENTEEN? #1)",3570928,225111,5387
"9Lafr1VoeHs","[GOING SEVENTEEN] 2025 Opening Title Sequence",761944,70171,1670
"ln1sUIOChqk","[GOING SEVENTEEN] COMEBACK SPECIAL : SEVENTEEN TV BEHIND",1781052,115303,2869
"Kul1OglaF58","[GOING SEVENTEEN] COMEBACK SPECIAL : SEVENTEEN TV #2",2581297,157966,4363
"55vXlK_iOr0","[GOING SEVENTEEN] COMEBACK SPECIAL : SEVENTEEN TV #1",3858807,237303,12270
"3Jj-tVEif3k","[GOING SEVENTEEN] COMEBACK SPECIAL 'SEVENTEEN TV' TEASER",1005109,84512,3288
"8h1GzmMN7K0","[GOING SEVENTEEN] EP.123 세봉 초등학교 #2 (SEVONG Elementary School #2)",4598109,181726,4613
"XKJuYk4XBOQ","[GOING SEVENTEEN] EP.122 세봉 초등학교 #1 (SEVONG Elementary School #1)",5460953,210404,4503
"EjR9lAGEQaM","[GOING SEVENTEEN] EP.121 GOING Millionaire #2",1844704,106256,2015
"gT70I_iBjys","[GOING SEVENTEEN] EP.120 GOING Millionaire #1",2650512,137239,2748
"650K75tw3cQ","[GOING SEVENTEEN] EP.119 고잉 제작기 (GOING PRODUCTION)",3569079,153767,3788
"xn0HzluujXk","[GOING SEVENTEEN] EP.118 고잉 제작기 : 좀비와의 인터뷰 (GOING PRODUCTION : Interview With The Zombie)",2168061,142839,3672
"UnrcM3N_mGI","[GOING SEVENTEEN] EP.118 고잉 제작기 : 웃지 마 (GOING PRODUCTION : Don't Laugh)",2403296,149701,1788
"xOtXdk1r_B4","[GOING SEVENTEEN] EP.117 We Have to Cross Over in a Day? Are You Being Serious Right Now?! #2",3312957,176873,4409
"gUtvE6Wu7sc","[GOING SEVENTEEN] EP.116 We Have to Cross Over in a Day? Are You Being Serious Right Now?! #1",4979950,212109,3881
"jz7yp8zL7ok","[GOING SEVENTEEN] COMEBACK SPECIAL : 최승철, 부승관의 기분 좋은 아침 #2 (CHOI & BOO's Very Good Morning #2)",1795132,100246,3333
"jBqd-awcBtc","[GOING SEVENTEEN] COMEBACK SPECIAL : 최승철, 부승관의 기분 좋은 아침 #1 (CHOI & BOO's Very Good Morning #1)",2881975,145727,4164
"kUYv0OR4NVo","[GOING SEVENTEEN] COMEBACK SPECIAL '최승철, 부승관의 기분 좋은 아침' TEASER",862896,61048,1317
"ADs-cRoL9JU","[GOING SEVENTEEN] EP.115 BOSS #2",2513781,114757,4346
"uc16R4cze5U","[GOING SEVENTEEN] EP.114 BOSS #1",4078232,167974,5796
"K6PUQtpgCcY","[GOING SEVENTEEN] EP.113 함정 #2 (TRAP #2)",3392318,189926,6698
"OqOuV3QE87c","[GOING SEVENTEEN] EP.112 함정 #1 (TRAP #1)",6108694,288677,12739
"BZwBKHCCvB4","[GOING SEVENTEEN] HORROR SPECIAL PREVIEW",1427545,90542,3072
"B9l2TyhFKIY","[GOING SEVENTEEN] EP.111 그르륵 칵칵 TTT #3 (Grrreuk kak kak TTT #3)",5870234,235900,4238
"VHepAfBAHBA","[GOING SEVENTEEN] EP.110 그르륵 칵칵 TTT #2 (Grrreuk kak kak TTT #2)",7246654,265199,6133
"Ffz8WsfQNu4","[GOING SEVENTEEN] EP.109 그르륵 칵칵 TTT #1 (Grrreuk kak kak TTT #1)",8846507,321053,8808
"uEgjPvWskJc","[GOING SEVENTEEN] EP.108 반장 선거 #2 (Class President Election #2)",3710749,181409,6651
"TULYcfiPuo0","[GOING SEVENTEEN] EP.107 반장 선거 #1 (Class President Election #1)",5242575,208964,4608
"uzcU9Oko4PM","[GOING SEVENTEEN] EP.106 불면제로 Ⅲ #2 (Insomnia-Zero Ⅲ #2)",4361205,200751,5478
"aJFnJxMmvZU","[GOING SEVENTEEN] EP.105 불면제로 Ⅲ #1 (Insomnia-Zero Ⅲ #1)",6495052,239446,5322
"WUIzgOiyhPA","[GOING SEVENTEEN] EP.104 LIAR LIAR #2",2432991,137449,3847
"WAfrm5538_k","[GOING SEVENTEEN] EP.103 LIAR LIAR #1",4978148,197521,5642
"msoKaR1RWas","[GOING SEVENTEEN] EP.102 13인의 성난 사람들 #2 (13 Angry Men #2)",1637872,100698,2754
"zVVnpkgXuLQ","[GOING SEVENTEEN] EP.101 13인의 성난 사람들 #1 (13 Angry Men #1)",3250314,172784,5277
"nFQanahQ3YE","[GOING SEVENTEEN] EP.100 고잉 레인저 #2 (Going Rangers #2)",4061439,234611,5779
"tT8_ENoEHco","[GOING SEVENTEEN] EP.99 고잉 레인저 #1 (Going Rangers #1)",7231575,326885,9233
"ndZPQv87H8Y","[GOING SEVENTEEN] 2024 Opening Title Sequence",1300685,140621,4324
"9rZgP8jebBQ","[GOING SEVENTEEN] COMEBACK SPECIAL : 음악의 신들의 학교에 마에스트로의 등장이라.. #2 (The Musical Heirs #2)",2848098,196969,6983
"qppmHwt4nC8","[GOING SEVENTEEN] COMEBACK SPECIAL : 음악의 신들의 학교에 마에스트로의 등장이라.. #1 (The Musical Heirs #1)",4490864,278431,11402
"AcYhhRICwe4","[GOING SEVENTEEN] COMEBACK SPECIAL ‘음학마등’ TEASER",1137315,102911,4040
"2WbyphrkLok","[GOING SEVENTEEN SPECIAL] 기타 등등 : 갑진년 잘 부탁드립니다 (ETC : Cheers to a New Year)",1472799,87883,1125
"CRUln4WMzW8","[GOING SEVENTEEN SPECIAL] 기타 등등 : 명탐정 버논 (ETC : Detective VERNON)",1632819,97210,1346
"IUfv9zIzqZ0","[GOING SEVENTEEN SPECIAL] 기타 등등 : 나가 (ETC : Get Out)",2341954,124150,1310
"KCVWxPgdFhc","[GOING SEVENTEEN SPECIAL] 기타 등등 : 미식한 고독가 (ETC : The Gourmet Solitude)",1632227,96433,1248
"9ub25Af3Qpw","[GOING SEVENTEEN SPECIAL] 기타 등등 : 딜리버리 푸드 파이터 (ETC : Delivery Food Fighter)",1822019,106439,1658
"6V26abMiJp8","[GOING SEVENTEEN SPECIAL] 기타 등등 : 피철인으로 개명하는 건에 대하여 (ETC : DINO Name Change to Fe Turin?)",1665228,110164,1607
"12OweIPwVp4","[GOING SEVENTEEN SPECIAL] 기타 등등 : 멍 (DINO Ver.) (ETC : Zone Out)",382688,24288,602
"Xr5ZB8ajZdQ","[GOING SEVENTEEN SPECIAL] 기타 등등 : 멍 (VERNON Ver.) (ETC : Zone Out)",202996,18918,494
"CBVLbVHJhEY","[GOING SEVENTEEN SPECIAL] 기타 등등 : 멍 (SEUNGKWAN Ver.) (ETC : Zone Out)",301939,26984,804
"iRVD62wyvMs","[GOING SEVENTEEN SPECIAL] 기타 등등 : 멍 (DK Ver.) (ETC : Zone Out)",245371,23536,559
"qlCkIYzV0nU","[GOING SEVENTEEN SPECIAL] 기타 등등 : 멍 (MINGYU Ver.) (ETC : Zone Out)",312058,27651,569
"1aj1FpyLWIo","[GOING SEVENTEEN SPECIAL] 기타 등등 : 멍 (THE 8 Ver.) (ETC : Zone Out)",209659,20735,447
"OrzgL3yF1WI","[GOING SEVENTEEN SPECIAL] 기타 등등 : 멍 (WOOZI Ver.) (ETC : Zone Out)",240098,23625,597
"fmzWWGsemTA","[GOING SEVENTEEN SPECIAL] 기타 등등 : 멍 (WONWOO Ver.) (ETC : Zone Out)",321743,31694,984
"gMdKW8vc4cM","[GOING SEVENTEEN SPECIAL] 기타 등등 : 멍 (HOSHI Ver.) (ETC : Zone Out)",257003,24358,630
"hLqXQPlOI08","[GOING SEVENTEEN SPECIAL] 기타 등등 : 멍 (JUN Ver.) (ETC : Zone Out)",224994,21441,487
"eea8K4y4-CI","[GOING SEVENTEEN SPECIAL] 기타 등등 : 멍 (JOSHUA Ver.) (ETC : Zone Out)",464458,35325,840
"jTOQPnL9q4s","[GOING SEVENTEEN SPECIAL] 기타 등등 : 멍 (ETC : Zone Out)",1974285,137627,2140
"CK-7GCkvDxw","[GOING SEVENTEEN SPECIAL] 기타 등등 : 근데 (ETC : But)",1760485,111047,951
"8wKqa9AHiWs","[GOING SEVENTEEN SPECIAL] 기타 등등 : 네가 이걸 하는걸 보고 싶어 (ETC : I Want To See You Do This)",2755076,164499,3317
"vEmrzaSkal0","[GOING SEVENTEEN SPECIAL] 기타 등등 : 용용 죽겠지 (ETC : Tease Your Heart Out)",2377513,159798,3512
"fmUd-nzPgMk","[GOING SEVENTEEN SPECIAL] 기타 등등 : 바니바니 바니바니 근황근황 (ETC : Bunny Bunny Update Update)",2806963,183522,5691
"rTXyOzUwZ9s","[GOING SEVENTEEN] EP.98 2023 고잉 세븐틴 최고의 콘텐츠 #2 (2023 Best of GOING SEVENTEEN #2)",4606732,196943,4104
"GvRB4mXvEZM","[GOING SEVENTEEN] EP.97 2023 고잉 세븐틴 최고의 콘텐츠 #1 (2023 Best of GOING SEVENTEEN #1)",5385348,206540,2740
"nzI2Y9Qe6LU","[GOING SEVENTEEN] EP.96 구원(舊怨) #2 (Grudge #2)",3373581,178888,5331
"I6LPhlAGZGM","[GOING SEVENTEEN] EP.95 구원(舊怨) #1 (Grudge #1)",6048247,276998,6156
"VJnLi4MksCk","[GOING SEVENTEEN] COMEBACK SPECIAL : 경음악의 신 #2 (God of Light Music #2)",6948681,314976,9034
"QsfSOZLe-S8","[GOING SEVENTEEN] COMEBACK SPECIAL : 경음악의 신 #1 (God of Light Music #1)",6348608,298098,8326
"P75u0kKUyXc","[GOING SEVENTEEN] COMEBACK SPECIAL TEASER",1476731,100117,2900
"RoXZMS_l8SE","[GOING SEVENTEEN] EP.94 가위바위보 #2 (Rock Scissors Paper #2)",2885370,142891,7585
"qnvNqkb7UTk","[GOING SEVENTEEN] EP.93 가위바위보 #1 (Rock Scissors Paper #1)",4786084,209526,4764
"rnFPIn1aEO0","[GOING SEVENTEEN] EP.92 전참시 벌 #2 (Point of Omniscient Interfere Penalty #2)",4059877,199096,3096
"q3rfMpxOl08","[GOING SEVENTEEN] EP.91 전참시 벌 #1 (Point of Omniscient Interfere Penalty #1)",6360132,264155,5727
"4KnATyvKERI","[GOING SEVENTEEN] EP.90 몰래 간 손님 #2 (The Guest Who Left Secretly #2)",5853222,263018,3834
"7GuJctDpoAc","[GOING SEVENTEEN] EP.89 몰래 간 손님 #1 (The Guest Who Left Secretly #1)",9545363,343442,9005
"Ri_ZrMpnTe4","[GOING SEVENTEEN] EP.88 부밀리가 떴다 #4 (BOOmily Outing #4)",7194783,277357,4866
"CZLIeVxWG3c","[GOING SEVENTEEN] EP.87 부밀리가 떴다 #3 (BOOmily Outing #3)",8327740,300341,6308
"A7TYMNqF-tY","[GOING SEVENTEEN] EP.86 부밀리가 떴다 #2 (BOOmily Outing #2)",8218721,266800,4622
"I2YKtm1cYqc","[GOING SEVENTEEN] EP.85 부밀리가 떴다 #1 (BOOmily Outing #1)",7689500,307270,4987
"mqkFmcU8cOQ","[GOING SEVENTEEN] EP.84 셉셉투어 : 먹어? 안 먹어? (TOUR SEV SEV : To eat or not to eat)",3924939,195099,3273
"FgJ5AT7mhw8","[GOING SEVENTEEN] EP.83 셉셉투어 : 감성 숏폼 여행 (TOUR SEV SEV : Sentimental Short-form Tour)",3328944,197436,3634
"cawv7OuaDY8","[GOING SEVENTEEN] EP.82 셉셉투어 : 팔랑귀 여행 (TOUR SEV SEV : Gullibles’ Travels)",4480324,217519,4347
"xgDMfMt7kDs","[GOING SEVENTEEN] EP.81 셉셉투어 #1 (TOUR SEV SEV #1)",5391272,220975,4473
"4Uq-0iwL-PQ","[GOING SEVENTEEN] EP.80 GOING Vol.2 #2",2947545,182436,4225
"4g6AC6mXShE","[GOING SEVENTEEN] EP.79 GOING Vol.2 #1",4842619,253391,6975
"XHgJCzhh2QY","[GOING SEVENTEEN] EP.78 화이트에서 할 수 있는 모든 것 #2 (Everything Possible in the White Zone #2)",6760369,260451,3918
"8JOCd84Pnas","[GOING SEVENTEEN] EP.77 화이트에서 할 수 있는 모든 것 #1 (Everything Possible in the White Zone #1)",7466253,274443,5036
"4_eOMTwQUzo","[GOING SEVENTEEN] EP.76 전원 회식 (A Company Dinner for EveryWON)",7715802,306679,4885
"h2tvKytryQU","[GOING SEVENTEEN] EP.75 권순영 찾기 #2 (Finding KSY #2)",3799904,216904,3975
"lOxcP9gILko","[GOING SEVENTEEN] EP.74 권순영 찾기 #1 (Finding KSY #1)",5361230,254400,3745
"bhI6qGHSaig","[GOING SEVENTEEN] EP.73 법정 : 모든 걸 꿰뚫어 보는 눈 #2 (Court : Eyes That See The Truth #2)",4963027,215595,4413
"bA7XCoBsIDs","[GOING SEVENTEEN] EP.72 법정 : 모든 걸 꿰뚫어 보는 눈 #1 (Court : Eyes That See The Truth #1)",8720569,307263,5547
"aNJwPoN2S9Y","[GOING SEVENTEEN] EP.71 돈't Lie : The CHASER #2 (Don’t Lie : The CHASER #2)",5705461,284442,8590
"q0bYVoLJ5UA","[GOING SEVENTEEN] EP.70 돈't Lie : The CHASER #1 (Don’t Lie : The CHASER #1)",7472868,282448,6329
"in87oOJGvAE","[GOING SEVENTEEN] EP.69 돈’t Lie : CLUE #2 (Don’t Lie : CLUE #2)",5261344,252447,4586
"BeDkwcm-nJ4","[GOING SEVENTEEN] EP.68 돈’t Lie : CLUE #1 (Don’t Lie : CLUE #1)",7506969,294262,6984
"_Zf2-wIem7M","[GOING SEVENTEEN] EP.67 기습 돈't Lie #2 (Surprise Don’t Lie #2)",5505034,265400,5234
"SK282KBKadk","[GOING SEVENTEEN] EP.66 기습 돈't Lie #1 (Surprise Don't Lie #1)",8491662,326750,7216
"jKVax0uTRVc","[GOING SEVENTEEN] EP.65 고잉 컴퍼니 야유회 (GOING COMPANY Outing)",6949602,290148,7555
"L3RxYnSdZdo","[GOING SEVENTEEN] 2023 Opening Title Sequence",1253368,132281,3605
"DP1S_W2tPpE","[GOING SEVENTEEN SPECIAL] 겨울방학 특집 : 안다와 몰라 #2 (I Know & Don't Know #2)",6155603,277217,4793
"78LM7AyE6-g","[GOING SEVENTEEN SPECIAL] 겨울방학 특집 : 안다와 몰라 #1 (I Know & Don't Know #1)",9944180,398042,9463
"UO2KBxvkodo","[GOING SEVENTEEN] EP.64 BAD CLUE Ⅱ #3",2842679,158180,4546
"BGhgLrBNywE","[GOING SEVENTEEN] EP.63 BAD CLUE Ⅱ #2",3118804,144874,3660
"6RlQTnYpb0M","[GOING SEVENTEEN] EP.62 BAD CLUE Ⅱ #1",5499150,217568,3953
"_naGeCxCBuo","[GOING SEVENTEEN] EP.61 토크 회식 #2 (Talk Get-Together #2)",3605546,177981,3806
"Sd9HkHMC7Wo","[GOING SEVENTEEN] EP.60 토크 회식 #1 (Talk Get-Together #1)",5981562,246398,3714
"ZBqA7LcWR6c","[GOING SEVENTEEN] EP.59 GOOD OFFER #2",2966285,172054,5677
"aOmz9GV_Uxk","[GOING SEVENTEEN] EP.58 GOOD OFFER #1",5469632,233866,7730
"UIlZKtRyog0","[GOING SEVENTEEN] EP.57 8월의 크리스마스 Ⅱ #2 (Christmas in August Ⅱ #2)",3405387,181434,3225
"Ujkg9TO1-TQ","[GOING SEVENTEEN] EP.56 8월의 크리스마스 Ⅱ #1 (Christmas in August Ⅱ #1)",5953301,250279,4213
"RmLSy-4xx54","[GOING SEVENTEEN] EP.55 전원우일기 #2 (WONWOO's Diary #2)",5485152,264514,6750
"8A2S9VqGqlU","[GOING SEVENTEEN] EP.54 전원우일기 #1 (WONWOO's Diary #1)",7747057,358644,8613
"Gg1Iz-Ok-4g","[GOING SEVENTEEN] EP.53 HIDE N SEEK",11100537,369913,9255
"YZE_s1lFdhY","[GOING SEVENTEEN] EP.52 너 자신을 알라 #2 (Know Thyself #2)",4830470,227049,3905
"YHcNShpF4Uo","[GOING SEVENTEEN] EP.51 너 자신을 알라 #1 (Know Thyself #1)",8076864,288430,5931
"oux44JI4u6Y","[GOING SEVENTEEN] EP.50 세븐틴 고잉 라디오 쇼 #2 (SEVENTEEN GOING Radio Show #2)",3136755,161725,3576
"H8a6eDn9AKM","[GOING SEVENTEEN] EP.49 세븐틴 고잉 라디오 쇼 #1 (SEVENTEEN GOING Radio Show #1)",4479867,208569,3546
"W1PJatlxhWc","[GOING SEVENTEEN SPECIAL] 고잉셉특급 : 당신의 심장을 뛰게 할 콘텐츠를 찾아라 (GOING SVT X MMTG)",5894378,263067,5668
"qk5Q9Hng5Fg","[GOING SEVENTEEN] EP.48 준우승 운동회 #2 (Runner-Up Sports Day #2)",4454460,248707,5473
"4yXR2ATAXbg","[GOING SEVENTEEN] EP.47 준우승 운동회 #1 (Runner-Up Sports Day #1)",7363141,304538,5212
"Ivc2CO5x1_U","[GOING SEVENTEEN] EP.46 GSVT E-Triathlon Championship 2022 #3",3361970,159224,2333
"Abk_5NhccwE","[GOING SEVENTEEN] EP.45 GSVT E-Triathlon Championship 2022 #2",4985679,195137,4198
"wKjpYOR8_F0","[GOING SEVENTEEN] EP.44 GSVT E-Triathlon Championship 2022 #1",7420012,261606,4989
"waQ47pqNZzY","[GOING SEVENTEEN] EP.43 세븐틴사이드 아웃 Ⅱ #2 (SVTSIDE OUT Ⅱ #2)",4243799,201930,4131
"_O0UWg3rzx4","[GOING SEVENTEEN] EP.42 세븐틴사이드 아웃 Ⅱ #1 (SVTSIDE OUT Ⅱ #1)",6607927,276032,5166
"Ny-cUQKUXAo","[GOING SEVENTEEN] EP.41 나 혼자 사는 세븐틴 씨의 트루먼 쇼 #2 (The Truman Show of Mr. SVT’s We Live Alone #2)",4608648,226580,4409
"JrXtc1-O3tQ","[GOING SEVENTEEN] EP.40 나 혼자 사는 세븐틴 씨의 트루먼 쇼 #1 (The Truman Show of Mr. SVT’s We Live Alone #1)",5789097,268529,2938
"mWcsZtCZX_A","[GOING SEVENTEEN] EP.39 무모한 고잉 #2 (Infinite GOING #2)",3423617,207439,2616
"WfLcHtvVXik","[GOING SEVENTEEN] EP.38 무모한 고잉 #1 (Infinite GOING #1)",6051357,279203,4481
"BvJJrCND5w4","[GOING SEVENTEEN] EP.37 쌀밥을 맛있게 먹는 완벽한 방법 #2 (How to Eat Rice the Perfect Way #2)",4851549,274843,7759
"JGc4foXl6BA","[GOING SEVENTEEN] EP.36 쌀밥을 맛있게 먹는 완벽한 방법 #1 (How to Eat Rice the Perfect Way #1)",6146208,307328,7023
"PE49Z-3G8Oo","[GOING SEVENTEEN] 2022 Opening Title Sequence",1491343,182852,7142
"MG_Lm-USPgQ","[GOING SEVENTEEN SPECIAL] 고잉 코멘터리 (GOING COMMENTARY)",9845604,358383,7983
"n73_2yj5oRo","[GOING SEVENTEEN] EP.35 둘이서 셉식당 #3 (SVT’s Kitchen for Two #3)",6670864,259227,5487
"E8SP-CaFiyc","[GOING SEVENTEEN] EP.34 둘이서 셉식당 #2 (SVT’s Kitchen for Two #2)",6526575,258089,4105
"Q7UPTAdSPYs","[GOING SEVENTEEN] EP.33 둘이서 셉식당 #1 (SVT’s Kitchen for Two #1)",8310445,303313,3532
"lPxbmawGISs","[GOING SEVENTEEN] EP.32 순응특집 단짝 #2 (Best Friends #2)",19569210,579342,12425
"T5etCb0-pO0","[GOING SEVENTEEN] EP.31 순응특집 단짝 #1 (Best Friends #1)",16401863,506497,10935
"_7KUIRQUAIQ","[GOING SEVENTEEN] EP.30 불면제로 Ⅱ #2 (Insomnia-Zero Ⅱ #2)",5627264,247462,5021
"q2j_1Mo5JSo","[GOING SEVENTEEN] EP.29 불면제로 Ⅱ #1 (Insomnia-Zero Ⅱ #1)",11160522,366562,6745
"lxZThmDvOSs","[GOING SEVENTEEN] EP.28 EGO #2",5677248,368913,24393
"4Boe42AdL34","[GOING SEVENTEEN] EP.27 EGO #1",8746331,418338,16964
"D2TbvAJNSE4","[GOING SEVENTEEN] EP.26 캐치 스탁 : 가즈아 잡즈아 #2 (CATCH STOCK #2)",4560052,227301,13017
"qspwa5Tn4IA","[GOING SEVENTEEN] EP.25 캐치 스탁 : 가즈아 잡즈아 #1 (CATCH STOCK #1)",6141762,260786,5877
"PN7rJrGo9a0","[GOING SEVENTEEN] EP.24 부족오락관 #2 (Tribal Games #2)",14804406,531102,8974
"ncgd8GfklT0","[GOING SEVENTEEN] EP.23 부족오락관 #1 (Tribal Games #1)",10822870,384211,5811
"WXFaGkkeMxA","[GOING SEVENTEEN] EP.22 논리나잇 Ⅲ #2 (Debate Night Ⅲ #2)",4496524,203549,5133
"Sq5cTPiyv8A","[GOING SEVENTEEN] EP.21 논리나잇 Ⅲ #1 (Debate Night Ⅲ #1)",8532985,289119,6602
"M_wTMA3sO2c","[GOING SEVENTEEN] EP.20 TTT에 빠지다 #3 (Dive into TTT #3) (Water Sports Ver.)",10871925,388729,8149
"ieuS9OWhI1g","[GOING SEVENTEEN] EP.19 TTT에 빠지다 #2 (Dive into TTT #2) (Water Sports Ver.)",11666510,413436,11471
"2lTN_tCtuq0","[GOING SEVENTEEN] EP.18 TTT에 빠지다 #1 (Dive into TTT #1) (Water Sports Ver.)",15565534,488518,10662
"u_6Pd3C4CMI","[GOING SEVENTEEN] EP.17 발마구마구 #2 (Kickball #2)",7221015,280616,9675
"c4eNr-9So5A","[GOING SEVENTEEN] EP.16 발마구마구 #1 (Kickball #1)",10389790,349489,8703
"6HEALKUTmfU","[GOING SEVENTEEN] EP.15 버논에서 모처럼 모내기를 하며 모든 내기를 해보았다 #2 (Planting Rice and Making Bets #2)",8147902,371438,12483
"AxQDyhBYMtM","[GOING SEVENTEEN] EP.14 버논에서 모처럼 모내기를 하며 모든 내기를 해보았다 #1 (Planting Rice and Making Bets #1)",12720210,435560,9159
"ahtZRFcH2Yg","[GOING SEVENTEEN] EP.13 룰렛인생 #2 (Roulette Life #2)",5759674,287725,6643
"MZxauxuCPss","[GOING SEVENTEEN] EP.12 룰렛인생 #1 (Roulette Life #1)",7289041,300473,5830
"EeAm_aL8toQ","[GOING SEVENTEEN] EP.11 광고천재 세븐틴 (Ad Genius SEVENTEEN)",6807590,316831,8544
"MqrdKz3Ulyk","[GOING SEVENTEEN] EP.10 돈't Lie Ⅲ #2 (Don't Lie Ⅲ #2)",8596195,381298,12327
"Qvu_JCYrwE0","[GOING SEVENTEEN] EP.9 돈't Lie Ⅲ #1 (Don't Lie Ⅲ #1)",12715985,428027,11436
"HXlJxJ4BYok","[GOING SEVENTEEN] EP.8 보물섬 : 13 Raiders #2 (Treasure Island : 13 Raiders #2)",3950498,238494,9659
"PE2qHXNS3YI","[GOING SEVENTEEN] EP.7 보물섬 : 13 Raiders #1 (Treasure Island : 13 Raiders #1)",6232416,330363,10734
"9-FIfaMReFE","[GOING SEVENTEEN] EP.6 출발 세븐틴 #2 (Let's Go! SEVENTEEN #2)",8749525,388710,10893
"d1Tjh0mJBZU","[GOING SEVENTEEN] EP.5 출발 세븐틴 #1 (Let's Go! SEVENTEEN #1)",12932576,476568,11867
"d3MOlnbzWBM","[GOING SEVENTEEN] EP.4 100만 원 #2 (ONE MILLION WON #2)",4337915,249753,8597
"gziEl4Q4CcY","[GOING SEVENTEEN] EP.3 100만 원 #1 (ONE MILLION WON #1)",6579259,301917,10450
"mT8spyE3OdY","[GOING SEVENTEEN] EP.2 드립 : 고잉 컴퍼니 #2 (Ad-lib : GOING COMPANY #2)",5435100,278540,10146
"z1IdT5h5pCo","[GOING SEVENTEEN] EP.1 드립 : 고잉 컴퍼니 #1 (Ad-lib : GOING COMPANY #1)",10063973,459330,23423
"hhKrkdy0L7c","[GOING SEVENTEEN] 2021 Opening Title Sequence",2248574,232639,11530
